id,name_ko,name_en,name_ja,address,latitude,longitude,evidence_level,official_source,service_eligible
poi_874791,청운 누룽지백숙,미확인,미확인,경기도 의왕시 의일로 11,37.373981,127.004734,historical_official_match,https://www.data.go.kr/data/15111405/fileData.do,false
poi_874792,별빛정원 우주,미확인,미확인,경기도 이천시 마장면 덕이로 154번길 287-76,37.242209,127.390982,historical_official_match,https://www.data.go.kr/data/15111405/fileData.do,false
poi_874793,경주한옥호텔 춘추관,미확인,미확인,경상북도 경주시 대경로 4821-5,35.822733,129.186002,historical_official_match,https://www.data.go.kr/data/15111405/fileData.do,false
poi_874794,영화[리틀포레스트]촬영지,미확인,미확인,경상북도 군위군 우보면 미성5길 58-1,36.179749,128.664579,historical_official_match,https://www.data.go.kr/data/15111405/fileData.do,false
poi_874795,1913 송정역 시장,미확인,미확인,광주광역시 광산구 송정로8번길 13,35.1364035,126.791996,historical_official_match,https://www.data.go.kr/data/15111405/fileData.do,false
poi_874796,호텔 드 포레,미확인,미확인,대구광역시 달성군 가창면 가창로 891,35.788493,128.633589,historical_official_match,https://www.data.go.kr/data/15111405/fileData.do,false
poi_874797,이끼롤까스 가로수길점,미확인,미확인,서울특별시 강남구 강남대로156길 35,37.518901,127.021873,historical_official_match,https://www.data.go.kr/data/15111405/fileData.do,false
poi_874798,만,미확인,미확인,서울특별시 강남구 신사동 636-23,37.5273127,127.0349333,historical_official_match,https://www.data.go.kr/data/15111405/fileData.do,false
poi_874799,아날로그 테이블 연남,미확인,미확인,서울특별시 마포구 월드컵북로2길 93,37.558719,126.924797,historical_official_match,https://www.data.go.kr/data/15111405/fileData.do,false
poi_874800,용답역 인도교,미확인,미확인,서울특별시 성동구 살곶이길 159,37.562188,127.049238,historical_official_match,https://www.data.go.kr/data/15111405/fileData.do,false
poi_874801,플럼프,미확인,미확인,서울특별시 성동구 아차산로 83 1층,37.545658,127.053456,historical_official_match,https://www.data.go.kr/data/15111405/fileData.do,false
poi_874802,성수찜닭,미확인,미확인,서울특별시 성동구 아차산로7길 28,37.54775,127.055434,historical_official_match,https://www.data.go.kr/data/15111405/fileData.do,false
poi_874849,더 키친 일뽀르노 청담점,미확인,미확인,서울특별시 강남구 언주로164길 29,37.574977,126.981219,historical_official_match,https://www.data.go.kr/data/15111405/fileData.do,false
poi_874850,카페 더 왈츠 애견카페,미확인,미확인,서울특별시 강남구 역삼로 134,37.494079,127.0343,historical_official_match,https://www.data.go.kr/data/15111405/fileData.do,false
poi_874851,보노보노 삼성점,미확인,미확인,서울특별시 강남구 테헤란로 508,37.506935,127.058013,historical_official_match,https://www.data.go.kr/data/15111405/fileData.do,false
poi_874852,펀시티 건대점,미확인,미확인,서울특별시 광진구 동일로22길 81 1층,37.541417,127.068793,historical_official_match,https://www.data.go.kr/data/15111405/fileData.do,false
poi_874366,에이엠브레드,미확인,미확인,강원도 강릉시 창해로14번길 24,37.772384,128.947504,historical_official_match,https://www.data.go.kr/data/15111405/fileData.do,false
poi_874367,양바위 정자점,미확인,미확인,경기도 성남시 분당구 정자일로156번길 6,37.363972,127.1063,historical_official_match,https://www.data.go.kr/data/15111405/fileData.do,false
poi_874368,천년찻집 양평본점,미확인,미확인,경기도 양평군 강하면 강남로 322,37.5015,127.421093,historical_official_match,https://www.data.go.kr/data/15111405/fileData.do,false
poi_874369,드 까르멜릿,미확인,미확인,경기도 하남시 동남로524번길 24 1층,37.520494,127.146346,historical_official_match,https://www.data.go.kr/data/15111405/fileData.do,false
poi_874370,씨즐펍 수완점,미확인,미확인,광주광역시 광산구 수완로74번길 18,35.19176,126.830473,historical_official_match,https://www.data.go.kr/data/15111405/fileData.do,false
poi_874371,육회별장,미확인,미확인,부산광역시 해운대구 해운대해변로209번가길 3,35.159938,129.154251,historical_official_match,https://www.data.go.kr/data/15111405/fileData.do,false
poi_874372,멘야산다이메 신논현점,미확인,미확인,서울특별시 강남구 강남대로114길 23 에스코빌딩 1층 101호,37.506244,127.026116,historical_official_match,https://www.data.go.kr/data/15111405/fileData.do,false
poi_874373,더스노우 논현점,미확인,미확인,서울특별시 강남구 강남대로118길 40,37.507052,127.026477,historical_official_match,https://www.data.go.kr/data/15111405/fileData.do,false
poi_874374,육시리 역삼직영점,미확인,미확인,서울특별시 강남구 논현로 420,37.497754,127.038744,historical_official_match,https://www.data.go.kr/data/15111405/fileData.do,false
poi_874375,Cafe grasse,미확인,미확인,서울특별시 강남구 도산대로17길 19,37.519833,127.024392,historical_official_match,https://www.data.go.kr/data/15111405/fileData.do,false
poi_874376,마이쏭,미확인,미확인,서울특별시 강남구 도산대로45길 16-4,37.523305,127.035682,historical_official_match,https://www.data.go.kr/data/15111405/fileData.do,false
poi_874377,도쿄등심 압구정점,미확인,미확인,서울특별시 강남구 도산대로49길 9 스타크빌딩 3층,37.523312,127.037113,historical_official_match,https://www.data.go.kr/data/15111405/fileData.do,false
poi_874378,미스터 칠드런 바,미확인,미확인,서울특별시 강남구 도산대로55길 43,37.52643,127.040976,historical_official_match,https://www.data.go.kr/data/15111405/fileData.do,false
poi_874379,영천영화 청담점,미확인,미확인,서울특별시 강남구 도산대로90길 3 상민빌딩,37.523959,127.04957,historical_official_match,https://www.data.go.kr/data/15111405/fileData.do,false
poi_874380,칸티푸르 청담점,미확인,미확인,서울특별시 강남구 선릉로152길 5 이성빌딩 지하1층,37.52421,127.039989,historical_official_match,https://www.data.go.kr/data/15111405/fileData.do,false
poi_874381,데바스테이트 청담점,미확인,미확인,서울특별시 강남구 선릉로162길 51,37.526129,127.044733,historical_official_match,https://www.data.go.kr/data/15111405/fileData.do,false
poi_874382,청담동마녀김밥 청담본점,미확인,미확인,서울특별시 강남구 압구정로79길 32,37.525182,127.049746,historical_official_match,https://www.data.go.kr/data/15111405/fileData.do,false
poi_874383,미사리밀빛초계국수 건대점,미확인,미확인,서울특별시 광진구 아차산로 312,37.537734,127.077341,historical_official_match,https://www.data.go.kr/data/15111405/fileData.do,false
poi_874384,Haru & Oneday,미확인,미확인,서울특별시 성동구 아차산로 92,37.544764,127.054202,historical_official_match,https://www.data.go.kr/data/15111405/fileData.do,false
poi_874385,메이크센스,미확인,미확인,서울특별시 용산구 신흥로11길 4,37.543062,126.987588,historical_official_match,https://www.data.go.kr/data/15111405/fileData.do,false
poi_874386,삼각지 골목식당,미확인,미확인,서울특별시 용산구 한강로1가 141-1,37.53448,126.97434,historical_official_match,https://www.data.go.kr/data/15111405/fileData.do,false
poi_874387,숙이네갈치조림,미확인,미확인,서울특별시 종로구 종로40가길 13,37.570231,127.005886,historical_official_match,https://www.data.go.kr/data/15111405/fileData.do,false
poi_874388,하이디라오 명동점,미확인,미확인,서울특별시 중구 남대문로 78,37.564268,126.98285,historical_official_match,https://www.data.go.kr/data/15111405/fileData.do,false
poi_874389,순천 대원식당,미확인,미확인,전라남도 순천시 장천2길 30-29 1층,34.950081,127.490153,historical_official_match,https://www.data.go.kr/data/15111405/fileData.do,false
poi_874390,칠돈가 중문점,미확인,미확인,제주특별자치도 서귀포시 중문관광로 8,33.25743,126.414846,historical_official_match,https://www.data.go.kr/data/15111405/fileData.do,false
poi_874391,벽초지수목원,미확인,미확인,경기도 파주시 광탄면 부흥로 242,37.800977,126.873712,historical_official_match,https://www.data.go.kr/data/15111405/fileData.do,false
poi_874392,봉암몽돌해수욕장,미확인,미확인,경상남도 남해군 삼동면 독일로 89-7,34.759276,128.513515,historical_official_match,https://www.data.go.kr/data/15111405/fileData.do,false
poi_874393,남해독일마을,미확인,미확인,경상남도 남해군 삼동면 독일로 92,34.800903,128.037776,historical_official_match,https://www.data.go.kr/data/15111405/fileData.do,false
poi_874394,남해양떼목장 양모리학교,미확인,미확인,경상남도 남해군 설천면 설천로775번길 256-17,34.932423,127.897719,historical_official_match,https://www.data.go.kr/data/15111405/fileData.do,false
poi_874395,핑크트리 풀빌라,미확인,미확인,경상남도 밀양시 산내면 산내용전길 154-9,35.550989,128.857391,historical_official_match,https://www.data.go.kr/data/15111405/fileData.do,false
poi_874396,통영 한산마리나호텔&리조트,미확인,미확인,경상남도 통영시 산양읍 삼칭이해안길 820,34.80466,128.435008,historical_official_match,https://www.data.go.kr/data/15111405/fileData.do,false
poi_874397,카페 달콤한썸띵,미확인,미확인,광주광역시 남구 진제길 5,35.113027,126.901794,historical_official_match,https://www.data.go.kr/data/15111405/fileData.do,false
poi_874398,스위츠플래닛,미확인,미확인,서울특별시 강남구 선릉로131길 23,37.517126,127.039076,historical_official_match,https://www.data.go.kr/data/15111405/fileData.do,false
poi_874399,피닉스 현대백화점무역센터점,미확인,미확인,서울특별시 강남구 테헤란로 517,37.508582,127.059836,historical_official_match,https://www.data.go.kr/data/15111405/fileData.do,false
poi_874400,더큐이스케이프,미확인,미확인,서울특별시 마포구 홍익로6길 15 삼주빌딩 4층,37.555312,126.922675,historical_official_match,https://www.data.go.kr/data/15111405/fileData.do,false
poi_874401,피피스튜디오,미확인,미확인,서울특별시 서대문구 증가로2안길 7,37.572281,126.930359,historical_official_match,https://www.data.go.kr/data/15111405/fileData.do,false
poi_874402,에스쁘아 강남점,미확인,미확인,서울특별시 서초구 강남대로 415 대동빌딩 1층,37.499569,127.02648,historical_official_match,https://www.data.go.kr/data/15111405/fileData.do,false
poi_874403,은행골 강남역점,미확인,미확인,서울특별시 서초구 서초대로75길 34 3층,37.500493,127.025214,historical_official_match,https://www.data.go.kr/data/15111405/fileData.do,false
poi_874404,언더스탠드 에비뉴,미확인,미확인,서울특별시 성동구 왕십리로 63,37.543534,127.043785,historical_official_match,https://www.data.go.kr/data/15111405/fileData.do,false
poi_874478,쑤담샤브샤브,미확인,미확인,"서울특별시 광진구 아차산로 241 연한빌딩 3층 301,302호",37.54047,127.070163,historical_official_match,https://www.data.go.kr/data/15111405/fileData.do,false
poi_874479,홍대 벽화거리,미확인,미확인,서울특별시 마포구 독막로19길 42,37.551603,126.924142,historical_official_match,https://www.data.go.kr/data/15111405/fileData.do,false
poi_874480,월드컵대교,미확인,미확인,서울특별시 마포구 마포나루길 316,37.55988,126.8871,historical_official_match,https://www.data.go.kr/data/15111405/fileData.do,false
poi_874481,고메오드,미확인,미확인,서울특별시 마포구 백범로24길 1-9 1층,37.545601,126.946572,historical_official_match,https://www.data.go.kr/data/15111405/fileData.do,false
poi_874482,평화의 공원,미확인,미확인,서울특별시 마포구 상암동 월드컵로 243-60,37.562336,126.895002,historical_official_match,https://www.data.go.kr/data/15111405/fileData.do,false
poi_874483,스타스퀘어,미확인,미확인,서울특별시 마포구 어울마당로 68 3~7층,37.551063,126.921478,historical_official_match,https://www.data.go.kr/data/15111405/fileData.do,false
poi_874484,CaFace,미확인,미확인,서울특별시 마포구 홍익로3길 20 지하2층,37.553638,126.921769,historical_official_match,https://www.data.go.kr/data/15111405/fileData.do,false
poi_874485,개미마을,미확인,미확인,서울특별시 서대문구 세검정로4길 100-58,37.590219,126.95332,historical_official_match,https://www.data.go.kr/data/15111405/fileData.do,false
poi_874486,그 집,미확인,미확인,서울특별시 서초구 강남대로34길 46,37.48364,127.038422,historical_official_match,https://www.data.go.kr/data/15111405/fileData.do,false
poi_874487,동작대교 주차장,미확인,미확인,서울특별시 서초구 동작대로 350 (구름카페 앞 주차장),37.505448,126.980798,historical_official_match,https://www.data.go.kr/data/15111405/fileData.do,false
poi_874488,반포한강공원,미확인,미확인,서울특별시 서초구 신반포로11길 40,37.510507,126.996054,historical_official_match,https://www.data.go.kr/data/15111405/fileData.do,false
poi_874489,멜로워 성수 더 플래그쉽,미확인,미확인,서울특별시 성동구 성수이로7길 39,37.542512,127.05325,historical_official_match,https://www.data.go.kr/data/15111405/fileData.do,false
poi_874490,동호대교,미확인,미확인,서울특별시 성동구 옥수동,37.535804,127.02145,historical_official_match,https://www.data.go.kr/data/15111405/fileData.do,false
poi_874491,올림픽공원 나홀로나무,미확인,미확인,서울특별시 송파구 올림픽로 424,37.5209657,127.116064,historical_official_match,https://www.data.go.kr/data/15111405/fileData.do,false
poi_874492,삼보 청국장,미확인,미확인,서울특별시 영등포구 여의나루로 42 여의도종합상가 1층,37.5215486,126.9247997,historical_official_match,https://www.data.go.kr/data/15111405/fileData.do,false
poi_874493,N서울타워,미확인,미확인,서울특별시 용산구 남산공원길 105,37.551168,126.98824,historical_official_match,https://www.data.go.kr/data/15111405/fileData.do,false
poi_874494,오브스토리지 앤게더,미확인,미확인,서울특별시 용산구 독서당로 39 한남동신성미소시티,37.531504,127.007269,historical_official_match,https://www.data.go.kr/data/15111405/fileData.do,false
poi_874495,열봉부엌,미확인,미확인,서울특별시 용산구 백범로87길 46,37.539253,126.969231,historical_official_match,https://www.data.go.kr/data/15111405/fileData.do,false
poi_874496,국립중앙박물관,미확인,미확인,서울특별시 용산구 서빙고로 137,37.52394,126.980356,historical_official_match,https://www.data.go.kr/data/15111405/fileData.do,false
poi_874497,해쉬더우드,미확인,미확인,서울특별시 용산구 후암로 38,37.549247,126.977755,historical_official_match,https://www.data.go.kr/data/15111405/fileData.do,false
poi_874498,인왕산,미확인,미확인,서울특별시 종로구 무악동 산2-1,37.578839,126.960586,historical_official_match,https://www.data.go.kr/data/15111405/fileData.do,false
poi_874499,북악팔각정,미확인,미확인,서울특별시 종로구 북악산로 267,37.601612,126.98065,historical_official_match,https://www.data.go.kr/data/15111405/fileData.do,false
poi_874500,돈의문 박물관 마을,미확인,미확인,서울특별시 종로구 송월길 14-3,37.568787,126.968511,historical_official_match,https://www.data.go.kr/data/15111405/fileData.do,false
poi_874501,조계사,미확인,미확인,서울특별시 종로구 우정국로 55,37.57446,126.982655,historical_official_match,https://www.data.go.kr/data/15111405/fileData.do,false
poi_874502,청와대 사랑채,미확인,미확인,서울특별시 종로구 효자로13길 45,37.582359,126.973038,historical_official_match,https://www.data.go.kr/data/15111405/fileData.do,false
poi_874503,롯데백화점 본점,미확인,미확인,서울특별시 중구 남대문로 81,37.565441,126.980991,historical_official_match,https://www.data.go.kr/data/15111405/fileData.do,false
poi_874504,코끼리볼링장,미확인,미확인,서울특별시 중구 퇴계로 166 흥국빌딩,37.560852,126.990109,historical_official_match,https://www.data.go.kr/data/15111405/fileData.do,false
poi_874505,한국의 집,미확인,미확인,서울특별시 중구 퇴계로36길 10,37.560304,126.99471,historical_official_match,https://www.data.go.kr/data/15111405/fileData.do,false
poi_874506,정서진광장,미확인,미확인,인천광역시 서구 정서진남로 95,37.556897,126.604716,historical_official_match,https://www.data.go.kr/data/15111405/fileData.do,false
poi_874507,인천배낚시 광복낚시,미확인,미확인,인천광역시 중구 축항대로 150,37.453192,126.613546,historical_official_match,https://www.data.go.kr/data/15111405/fileData.do,false
poi_874508,죽녹원,미확인,미확인,전라남도 담양군 담양읍 죽녹원로 119,35.326613,126.985409,historical_official_match,https://www.data.go.kr/data/15111405/fileData.do,false
poi_874509,메타세쿼이아 가로수길,미확인,미확인,전라남도 담양군 담양읍 학동리 633,35.3251724,127.009247,historical_official_match,https://www.data.go.kr/data/15111405/fileData.do,false
poi_874510,순천만 국가정원,미확인,미확인,전라남도 순천시 국가정원1호길 47,34.929045,127.498897,historical_official_match,https://www.data.go.kr/data/15111405/fileData.do,false
poi_874511,향일암,미확인,미확인,전라남도 여수시 돌산읍 향일암로 60,34.591599,127.803847,historical_official_match,https://www.data.go.kr/data/15111405/fileData.do,false
poi_874512,자산공원 일출정,미확인,미확인,전라남도 여수시 자산4길 45,34.740409,127.754089,historical_official_match,https://www.data.go.kr/data/15111405/fileData.do,false
poi_874513,대승 한지마을,미확인,미확인,전라북도 완주군 소양면 복은길 18,35.854469,127.294519,historical_official_match,https://www.data.go.kr/data/15111405/fileData.do,false
poi_874514,오성한옥마을,미확인,미확인,전라북도 완주군 소양면 송광수만로 472-23,35.903056,127.24376,historical_official_match,https://www.data.go.kr/data/15111405/fileData.do,false
poi_874515,풍년제과 한옥마을3호점,미확인,미확인,전라북도 전주시 완산구 어진길 42,35.817698,127.152224,historical_official_match,https://www.data.go.kr/data/15111405/fileData.do,false
poi_874516,스위스마을 컬러스테이,미확인,미확인,제주특별자치도 제주시 조천읍 함와로 566-27,33.4940796,126.677108,historical_official_match,https://www.data.go.kr/data/15111405/fileData.do,false
poi_874517,생각하는정원,미확인,미확인,제주특별자치도 제주시 한경면 녹차분재로 675 생각하는 정원,33.325493,126.254994,historical_official_match,https://www.data.go.kr/data/15111405/fileData.do,false
poi_874518,아라리오갤러리,미확인,미확인,충청남도 천안시 동남구 만남로 43,36.819426,127.157806,historical_official_match,https://www.data.go.kr/data/15111405/fileData.do,false
poi_874519,제천 모산 비행장,미확인,미확인,충청북도 제천시 고암동 1200-1,37.162841,128.220289,historical_official_match,https://www.data.go.kr/data/15111405/fileData.do,false
poi_874520,엘리시안 강촌스키장,미확인,미확인,강원도 춘천시 남산면 북한강변길 688,37.816424,127.587008,historical_official_match,https://www.data.go.kr/data/15111405/fileData.do,false
poi_874521,롤러비트,미확인,미확인,경기도 고양시 덕양구 행신로 131-11,37.620219,126.829052,historical_official_match,https://www.data.go.kr/data/15111405/fileData.do,false
poi_874522,준 179,미확인,미확인,경기도 양평군 용문면 덕촌길 31,37.498748,127.60005,historical_official_match,https://www.data.go.kr/data/15111405/fileData.do,false
poi_874523,용두 휴게소,미확인,미확인,경기도 양평군 청운면 설악로 167,37.565346,127.7228259,historical_official_match,https://www.data.go.kr/data/15111405/fileData.do,false
poi_874524,벅구베이크,미확인,미확인,경기도 파주시 가재울로 96,37.727045,126.741934,historical_official_match,https://www.data.go.kr/data/15111405/fileData.do,false
poi_874525,서울호떡 논현직영점,미확인,미확인,서울특별시 강남구 논현로149길 19 1층,37.5181364,127.0268234,historical_official_match,https://www.data.go.kr/data/15111405/fileData.do,false
poi_874526,쿠시마사 본점,미확인,미확인,서울특별시 강남구 논현로150길 35,37.5199208,127.031335,historical_official_match,https://www.data.go.kr/data/15111405/fileData.do,false
poi_874527,로칼즈버거바,미확인,미확인,서울특별시 강남구 도산대로 92길 26,37.522938,127.049305,historical_official_match,https://www.data.go.kr/data/15111405/fileData.do,false
poi_874528,인스턴트펑크 압구정 플래그십 스토어,미확인,미확인,서울특별시 강남구 도산대로51길 12,37.5239071,127.0380634,historical_official_match,https://www.data.go.kr/data/15111405/fileData.do,false
poi_874529,라미띠에,미확인,미확인,서울특별시 강남구 도산대로67길 30 2층,37.525918,127.044555,historical_official_match,https://www.data.go.kr/data/15111405/fileData.do,false
poi_874530,스시 마츠 모토,미확인,미확인,서울특별시 강남구 도산대로75길 5 102호,37.5245432,127.0459553,historical_official_match,https://www.data.go.kr/data/15111405/fileData.do,false
poi_874531,페어링 룸,미확인,미확인,서울특별시 강남구 도산대로81길 14,37.525372,127.047824,historical_official_match,https://www.data.go.kr/data/15111405/fileData.do,false
poi_874532,울프강 스테이크 하우스,미확인,미확인,서울특별시 강남구 선릉로152길 21,37.5244835,127.041441,historical_official_match,https://www.data.go.kr/data/15111405/fileData.do,false
poi_874533,수아에피스,미확인,미확인,서울특별시 강남구 선릉로157길 27 1층 2층,37.5261536,127.0375424,historical_official_match,https://www.data.go.kr/data/15111405/fileData.do,false
poi_874534,10꼬르소꼬모 카페 청담점,미확인,미확인,서울특별시 강남구 압구정로 416,37.526893,127.042391,historical_official_match,https://www.data.go.kr/data/15111405/fileData.do,false
poi_874535,루이비통 메종 서울,미확인,미확인,서울특별시 강남구 압구정로 454,37.5255771,127.046217,historical_official_match,https://www.data.go.kr/data/15111405/fileData.do,false
poi_874536,서울 하우스오브디올,미확인,미확인,서울특별시 강남구 압구정로 464,37.5247804,127.0465126,historical_official_match,https://www.data.go.kr/data/15111405/fileData.do,false
poi_874537,도산맘마미아,미확인,미확인,서울특별시 강남구 압구정로42길 45,37.5259001,127.03462,historical_official_match,https://www.data.go.kr/data/15111405/fileData.do,false
poi_874538,CELINE 플래그십스토어,미확인,미확인,서울특별시 강남구 압구정로60길 17,37.5261001,127.0420391,historical_official_match,https://www.data.go.kr/data/15111405/fileData.do,false
poi_874539,분더샵 청담,미확인,미확인,서울특별시 강남구 압구정로60길 21,37.524805,127.044804,historical_official_match,https://www.data.go.kr/data/15111405/fileData.do,false
poi_874540,블레스 유 플라워,미확인,미확인,서울특별시 강남구 압구정로72길 7,37.52602,127.04529,historical_official_match,https://www.data.go.kr/data/15111405/fileData.do,false
poi_874541,쏭타이 역삼점,미확인,미확인,서울특별시 강남구 테헤란로39길 51 옥산빌딩 1층 102호,37.5056407,127.0403591,historical_official_match,https://www.data.go.kr/data/15111405/fileData.do,false
poi_874542,메이필드 호텔,미확인,미확인,서울특별시 강서구 방화대로 94,37.547097,126.81913,historical_official_match,https://www.data.go.kr/data/15111405/fileData.do,false
poi_874543,인솔커피 상수점,미확인,미확인,서울특별시 마포구 독막로18길 16 1층,37.5470826,126.9235248,historical_official_match,https://www.data.go.kr/data/15111405/fileData.do,false
poi_874544,De vaha studio,미확인,미확인,서울특별시 마포구 독막로7길 33,37.549411,126.919368,historical_official_match,https://www.data.go.kr/data/15111405/fileData.do,false
poi_874545,불이아 홍대본점,미확인,미확인,서울특별시 마포구 동교로 182-6,37.556578,126.921971,historical_official_match,https://www.data.go.kr/data/15111405/fileData.do,false
poi_874546,카페 늘보,미확인,미확인,서울특별시 마포구 동교로51안길 26 2층,37.5653313,126.9240207,historical_official_match,https://www.data.go.kr/data/15111405/fileData.do,false
poi_874547,나일론 맨,미확인,미확인,서울특별시 마포구 신촌로2안길 12,37.5573536,126.927751,historical_official_match,https://www.data.go.kr/data/15111405/fileData.do,false
poi_874548,미미도넛,미확인,미확인,서울특별시 마포구 신촌로2안길 34,37.556902,126.928803,historical_official_match,https://www.data.go.kr/data/15111405/fileData.do,false
poi_874549,도자기 카페 줄,미확인,미확인,서울특별시 마포구 신촌로4길 11 세광빌딩 3층,37.556508,126.929983,historical_official_match,https://www.data.go.kr/data/15111405/fileData.do,false
poi_874550,Mon Cafe Gregory,미확인,미확인,서울특별시 마포구 양화로6길 84,37.548292,126.918767,historical_official_match,https://www.data.go.kr/data/15111405/fileData.do,false
poi_874551,내맘대로 폰케이스 홍대점,미확인,미확인,서울특별시 마포구 와우산로19길 21,37.551158,126.921877,historical_official_match,https://www.data.go.kr/data/15111405/fileData.do,false
poi_874552,미어캣 프랜즈,미확인,미확인,서울특별시 마포구 와우산로21길 19-12 2층,37.551894,126.9226159,historical_official_match,https://www.data.go.kr/data/15111405/fileData.do,false
poi_874553,오유네일,미확인,미확인,서울특별시 마포구 와우산로29바길 10 1층,37.5560107,126.9260708,historical_official_match,https://www.data.go.kr/data/15111405/fileData.do,false
poi_874554,홍대 셀픽스,미확인,미확인,서울특별시 마포구 와우산로29바길 9,37.5559,126.926258,historical_official_match,https://www.data.go.kr/data/15111405/fileData.do,false
poi_874555,메종 키티버니포니 서울,미확인,미확인,서울특별시 마포구 월드컵로5길 33-16,37.550872,126.910514,historical_official_match,https://www.data.go.kr/data/15111405/fileData.do,false
poi_874556,월드컵공원,미확인,미확인,서울특별시 마포구 하늘공원로 86,37.5708905,126.878429,historical_official_match,https://www.data.go.kr/data/15111405/fileData.do,false
poi_874557,숲속한방랜드,미확인,미확인,서울특별시 서대문구 봉원사길 75-7,37.570239,126.945575,historical_official_match,https://www.data.go.kr/data/15111405/fileData.do,false
poi_874558,쭈꾸미달인 신촌점,미확인,미확인,서울특별시 서대문구 연세로11길 32,37.558964,126.935038,historical_official_match,https://www.data.go.kr/data/15111405/fileData.do,false
poi_874559,피터팬 1978,미확인,미확인,서울특별시 서대문구 증가로 10,37.5693392,126.9316962,historical_official_match,https://www.data.go.kr/data/15111405/fileData.do,false
poi_874560,영동교집 강남직영점,미확인,미확인,서울특별시 서초구 강남대로 499 동일빌딩 2층,37.5064791,127.0230315,historical_official_match,https://www.data.go.kr/data/15111405/fileData.do,false
poi_874561,크레마주,미확인,미확인,서울특별시 서초구 양재천로9길 2 1층,37.4745787,127.036583,historical_official_match,https://www.data.go.kr/data/15111405/fileData.do,false
poi_874562,긴자료코 성신여대점,미확인,미확인,서울특별시 성북구 보문로 34가길 5,37.591747,127.019739,historical_official_match,https://www.data.go.kr/data/15111405/fileData.do,false
poi_874563,롯데월드타워 아쿠아리움,미확인,미확인,서울특별시 송파구 올림픽로 300 롯데월드몰 B1,37.512599,127.102714,historical_official_match,https://www.data.go.kr/data/15111405/fileData.do,false
poi_874564,STAY,미확인,미확인,서울특별시 송파구 올림픽로 300 롯데월드타워 81층,37.5125689,127.1025792,historical_official_match,https://www.data.go.kr/data/15111405/fileData.do,false
poi_874565,사시미야센,미확인,미확인,서울특별시 양천구 목동동로 266,37.525629,126.875402,historical_official_match,https://www.data.go.kr/data/15111405/fileData.do,false
poi_874566,LSR X STILL BOOKS,미확인,미확인,서울특별시 영등포구 여의대로 108 더현대서울 B2,37.5258975,126.9284261,historical_official_match,https://www.data.go.kr/data/15111405/fileData.do,false
poi_874567,로네펠트티하우스 한남점,미확인,미확인,서울특별시 용산구 대사관로11길 51 지상층,37.5358334,127.0013902,historical_official_match,https://www.data.go.kr/data/15111405/fileData.do,false
poi_874568,볼하우스 한남,미확인,미확인,서울특별시 용산구 독서당로 46 지하2층,37.537294,127.001975,historical_official_match,https://www.data.go.kr/data/15111405/fileData.do,false
poi_874569,카페콤포트,미확인,미확인,서울특별시 용산구 두텁바위로60길 45,37.5494036,126.9832832,historical_official_match,https://www.data.go.kr/data/15111405/fileData.do,false
poi_874570,오리올,미확인,미확인,서울특별시 용산구 신흥로20길 43,37.547369,126.98406,historical_official_match,https://www.data.go.kr/data/15111405/fileData.do,false
poi_874571,HOPE GARDEN HANNAM,미확인,미확인,서울특별시 용산구 이태원로54가길 13,37.537106,127.001747,historical_official_match,https://www.data.go.kr/data/15111405/fileData.do,false
poi_874572,도화아파트먼트 용산,미확인,미확인,서울특별시 용산구 한강대로38가길 31 1-3F,37.530035,126.9711494,historical_official_match,https://www.data.go.kr/data/15111405/fileData.do,false
poi_874573,쏭타이치앙마이 신용산본점,미확인,미확인,서울특별시 용산구 한강대로40길 39-5 1층,37.5303265,126.9715957,historical_official_match,https://www.data.go.kr/data/15111405/fileData.do,false
poi_874574,락고재 서울,미확인,미확인,서울특별시 종로구 계동길 49-21,37.5802594,126.985984,historical_official_match,https://www.data.go.kr/data/15111405/fileData.do,false
poi_874575,커뮤니티하우스 마실,미확인,미확인,서울특별시 중구 명동11길 14,37.564607,126.986156,historical_official_match,https://www.data.go.kr/data/15111405/fileData.do,false
poi_874576,피에르 가니에르 서울,미확인,미확인,서울특별시 중구 을지로 30 신관 35층,37.5652281,126.9810257,historical_official_match,https://www.data.go.kr/data/15111405/fileData.do,false
poi_874577,라망시크레,미확인,미확인,서울특별시 중구 퇴계로 67 레스케이프 호텔 26층,37.5597171,126.979505,historical_official_match,https://www.data.go.kr/data/15111405/fileData.do,false
poi_874578,마크다모르,미확인,미확인,서울특별시 중구 퇴계로 67 레스케이프 호텔 26층,37.5597171,126.979505,historical_official_match,https://www.data.go.kr/data/15111405/fileData.do,false
poi_874579,레스케이프 호텔,미확인,미확인,"서울특별시 중구 퇴계로 67 에이케이타워 B동 지하 8층, 6~25층",37.5597171,126.979505,historical_official_match,https://www.data.go.kr/data/15111405/fileData.do,false
poi_874580,제주선,미확인,미확인,제주특별자치도 서귀포시 안덕면 신화역사로304번길 38,33.307661,126.317483,historical_official_match,https://www.data.go.kr/data/15111405/fileData.do,false
poi_874581,스누피 가든,미확인,미확인,제주특별자치도 제주시 구좌읍 금백조로 930,33.444752,126.7775324,historical_official_match,https://www.data.go.kr/data/15111405/fileData.do,false
poi_874582,메이즈랜드,미확인,미확인,제주특별자치도 제주시 구좌읍 비자림로 2134-47,33.488697,126.800866,historical_official_match,https://www.data.go.kr/data/15111405/fileData.do,false
poi_874583,오일장떡볶이,미확인,미확인,제주특별자치도 제주시 동문로4길 17,33.512217,126.527408,historical_official_match,https://www.data.go.kr/data/15111405/fileData.do,false
poi_874584,애월 더 선셋,미확인,미확인,제주특별자치도 제주시 애월읍 일주서로 6111,33.456138,126.309086,historical_official_match,https://www.data.go.kr/data/15111405/fileData.do,false
poi_874585,서쪽가게,미확인,미확인,제주특별자치도 제주시 한림읍 한림로 372-7,33.393359,126.240591,historical_official_match,https://www.data.go.kr/data/15111405/fileData.do,false
poi_874586,엘 스튜디오,미확인,미확인,경기도 고양시 일산동구 문원길 67-27,37.712508,126.817961,historical_official_match,https://www.data.go.kr/data/15111405/fileData.do,false
poi_874587,오지랖포차,미확인,미확인,경기도 광명시 범안로 1042,37.461804,126.879014,historical_official_match,https://www.data.go.kr/data/15111405/fileData.do,false
poi_874588,헤이리 예술마을,미확인,미확인,경기도 파주시 탄현면 헤이리마을길 70-21,37.788146,126.698883,historical_official_match,https://www.data.go.kr/data/15111405/fileData.do,false
poi_874589,숙영식당,미확인,미확인,경상북도 경주시 계림로 60,35.839681,129.213841,historical_official_match,https://www.data.go.kr/data/15111405/fileData.do,false
poi_874590,리초야,미확인,미확인,경상북도 경주시 교촌길 2,35.8330322,129.2139389,historical_official_match,https://www.data.go.kr/data/15111405/fileData.do,false
poi_874591,교촌가람,미확인,미확인,경상북도 경주시 교촌길 39-11,35.829923,129.215598,historical_official_match,https://www.data.go.kr/data/15111405/fileData.do,false
poi_874592,천마총,미확인,미확인,경상북도 경주시 황남동 262,35.838758,129.210384,historical_official_match,https://www.data.go.kr/data/15111405/fileData.do,false
poi_874593,영동교집 청담직영점,미확인,미확인,서울특별시 강남구 선릉로148길 11,37.522576,127.040573,historical_official_match,https://www.data.go.kr/data/15111405/fileData.do,false
poi_874594,리버시티 수상스키장,미확인,미확인,서울특별시 강남구 압구정로11길 37-53 한강시민공원내 잠원1지구,37.529089,127.018929,historical_official_match,https://www.data.go.kr/data/15111405/fileData.do,false
poi_874595,컬러플레이스 퍼스널컬러진단,미확인,미확인,서울특별시 강남구 언주로65길 13 제이케이빌딩 3층,37.495041,127.044864,historical_official_match,https://www.data.go.kr/data/15111405/fileData.do,false
poi_874596,신의주찹쌀순대 청담점,미확인,미확인,서울특별시 강남구 영동대로 725,37.522532,127.055187,historical_official_match,https://www.data.go.kr/data/15111405/fileData.do,false
poi_874597,한신메디피아,미확인,미확인,서울특별시 서초구 잠원로 94,37.51216,127.007977,historical_official_match,https://www.data.go.kr/data/15111405/fileData.do,false
poi_874598,에스엠엔터테인먼트,미확인,미확인,서울특별시 성동구 왕십리로 83-21,37.544218,127.044199,historical_official_match,https://www.data.go.kr/data/15111405/fileData.do,false
poi_874599,KSPO DOME,미확인,미확인,서울특별시 송파구 올림픽로 424,37.5209657,127.116064,historical_official_match,https://www.data.go.kr/data/15111405/fileData.do,false
poi_874600,엉터리 통닭,미확인,미확인,서울특별시 용산구 회나무로 38-1,37.539675,126.990746,historical_official_match,https://www.data.go.kr/data/15111405/fileData.do,false
poi_874601,대림미술관,미확인,미확인,서울특별시 종로구 자하문로4길 21,37.577463,126.97334,historical_official_match,https://www.data.go.kr/data/15111405/fileData.do,false
poi_874602,서연의 집,미확인,미확인,제주특별자치도 서귀포시 남원읍 위미해안로 86,33.269386,126.655697,historical_official_match,https://www.data.go.kr/data/15111405/fileData.do,false
poi_874603,제주 신라 호텔,미확인,미확인,제주특별자치도 서귀포시 중문관광로72번길 75,33.247398,126.408036,historical_official_match,https://www.data.go.kr/data/15111405/fileData.do,false
poi_874604,평창 송어축제,미확인,미확인,강원도 평창군 진부면 경강로 3562번지,37.633112,128.55708,historical_official_match,https://www.data.go.kr/data/15111405/fileData.do,false
poi_874605,월정사 전나무 숲길,미확인,미확인,강원도 평창군 진부면 오대산로 350-1,37.731998,128.599855,historical_official_match,https://www.data.go.kr/data/15111405/fileData.do,false
poi_874606,가평 리버하임 펜션,미확인,미확인,경기도 가평군 청평면 북한강로 1706-118,37.674053,127.389558,historical_official_match,https://www.data.go.kr/data/15111405/fileData.do,false
poi_874607,블러썸 스튜디오,미확인,미확인,경기도 고양시 덕양구 덕은1로 5 1층,37.586635,126.875339,historical_official_match,https://www.data.go.kr/data/15111405/fileData.do,false
poi_874608,GRC서킷,미확인,미확인,경기도 김포시 통진읍 김포대로 1966,37.680315,126.625515,historical_official_match,https://www.data.go.kr/data/15111405/fileData.do,false
poi_874609,엘마트,미확인,미확인,경기도 안산시 단원구 대부황금로 1295,37.2716783,126.5706939,historical_official_match,https://www.data.go.kr/data/15111405/fileData.do,false
poi_874610,33호 할머니 칼국수,미확인,미확인,경기도 안산시 단원구 대부황금로 1297 1층,37.2718664,126.5708967,historical_official_match,https://www.data.go.kr/data/15111405/fileData.do,false
poi_874611,이영화 교동짬뽕 본점,미확인,미확인,경기도 안산시 단원구 대선로 87,37.2637232,126.5698184,historical_official_match,https://www.data.go.kr/data/15111405/fileData.do,false
poi_874612,화이트 플레이스,미확인,미확인,경기도 안양시 만안구 박달로 406 삼봉프라자 B202호,37.401385,126.897531,historical_official_match,https://www.data.go.kr/data/15111405/fileData.do,false
poi_874613,팜트리아트펜션,미확인,미확인,경기도 양평군 옥천면 고읍로 296-1,37.5264585,127.4713713,historical_official_match,https://www.data.go.kr/data/15111405/fileData.do,false
poi_874614,공룡알 화석산지,미확인,미확인,경기도 화성시 송산면 공룡로 659,37.2586815,126.7575692,historical_official_match,https://www.data.go.kr/data/15111405/fileData.do,false
poi_874615,계명대학교 대명캠퍼스,미확인,미확인,대구광역시 남구 명덕로 104,35.85427,128.580543,historical_official_match,https://www.data.go.kr/data/15111405/fileData.do,false
poi_874616,알로하포케 학동점,미확인,미확인,서울특별시 강남구 논현로131길 24,37.514144,127.028314,historical_official_match,https://www.data.go.kr/data/15111405/fileData.do,false
poi_874617,스타필드 코엑스몰,미확인,미확인,서울특별시 강남구 봉은사로 524,37.512502,127.058796,historical_official_match,https://www.data.go.kr/data/15111405/fileData.do,false
poi_874618,URBAN81,미확인,미확인,서울특별시 강남구 봉은사로67길 14,37.512605,127.048568,historical_official_match,https://www.data.go.kr/data/15111405/fileData.do,false
poi_874619,한우오마카세 비플리끄,미확인,미확인,서울특별시 강남구 선릉로152길 33,37.5247396,127.0423789,historical_official_match,https://www.data.go.kr/data/15111405/fileData.do,false
poi_874620,Ginos NY Pizza,미확인,미확인,서울특별시 강남구 선릉로155길 15,37.525419,127.038372,historical_official_match,https://www.data.go.kr/data/15111405/fileData.do,false
poi_874621,다크룸 포토매틱,미확인,미확인,서울특별시 강남구 압구정로4길 27-2 지하 1층 다크룸,37.5216286,127.0208825,historical_official_match,https://www.data.go.kr/data/15111405/fileData.do,false
poi_874622,볼트 스테이크하우스,미확인,미확인,서울특별시 강남구 압구정로72길 22 2층,37.525014,127.045014,historical_official_match,https://www.data.go.kr/data/15111405/fileData.do,false
poi_874623,잠수교집 5호점,미확인,미확인,서울특별시 강남구 언주로153길 14,37.5227037,127.0320513,historical_official_match,https://www.data.go.kr/data/15111405/fileData.do,false
poi_874624,위징쉔,미확인,미확인,서울특별시 강남구 학동로2길 45,37.508642,127.023508,historical_official_match,https://www.data.go.kr/data/15111405/fileData.do,false
poi_874625,서프오션,미확인,미확인,서울특별시 광진구 자양동 94,37.5271761,127.0802598,historical_official_match,https://www.data.go.kr/data/15111405/fileData.do,false
poi_874626,청춘식당 미래소년,미확인,미확인,서울특별시 서초구 나루터로12길 30,37.5140646,127.017784,historical_official_match,https://www.data.go.kr/data/15111405/fileData.do,false
poi_874627,하이디라오 서초지점,미확인,미확인,서울특별시 서초구 서초대로77길 54,37.502549,127.024867,historical_official_match,https://www.data.go.kr/data/15111405/fileData.do,false
poi_874628,화정체육관,미확인,미확인,서울특별시 성북구 안암로 145,37.592641,127.024849,historical_official_match,https://www.data.go.kr/data/15111405/fileData.do,false
poi_874629,음레코드,미확인,미확인,서울특별시 용산구 우사단로10길 145,37.530562,127.002767,historical_official_match,https://www.data.go.kr/data/15111405/fileData.do,false
poi_874630,동작대교,미확인,미확인,서울특별시 용산구 이촌동 동작대교,37.51041,126.981893,historical_official_match,https://www.data.go.kr/data/15111405/fileData.do,false
poi_874631,마로니에 공원,미확인,미확인,서울특별시 종로구 대학로 104,37.580499,127.00244,historical_official_match,https://www.data.go.kr/data/15111405/fileData.do,false
poi_874632,통큰누이네 육회빈대떡,미확인,미확인,서울특별시 종로구 동호로 403-24,37.5704134,127.0011619,historical_official_match,https://www.data.go.kr/data/15111405/fileData.do,false
poi_874633,창화당 익선동,미확인,미확인,서울특별시 종로구 수표로28길 23,37.572915,126.989821,historical_official_match,https://www.data.go.kr/data/15111405/fileData.do,false
poi_874634,원조누드치즈김밥,미확인,미확인,서울특별시 종로구 창경궁로 88 광장시장 내 41호,37.569778,126.998325,historical_official_match,https://www.data.go.kr/data/15111405/fileData.do,false
poi_874635,럭키스트라이크볼링센터,미확인,미확인,인천광역시 연수구 해돋이로120번길 23 아크리아2,37.39413,126.65082,historical_official_match,https://www.data.go.kr/data/15111405/fileData.do,false
poi_874636,완도연안여객선터미널,미확인,미확인,전라남도 완도군 완도읍 장보고대로 339,34.316405,126.760406,historical_official_match,https://www.data.go.kr/data/15111405/fileData.do,false
poi_874637,제주실탄사격장,미확인,미확인,제주특별자치도 서귀포시 소보리당로 164번길 62,33.263939,126.385222,historical_official_match,https://www.data.go.kr/data/15111405/fileData.do,false
poi_874638,춘심이네 본점,미확인,미확인,제주특별자치도 서귀포시 안덕면 창천중앙로24번길 16,33.264728,126.370565,historical_official_match,https://www.data.go.kr/data/15111405/fileData.do,false
poi_874639,성읍랜드,미확인,미확인,제주특별자치도 서귀포시 표선면 번영로 2650,33.398525,126.787606,historical_official_match,https://www.data.go.kr/data/15111405/fileData.do,false
poi_874640,함덕해수욕장,미확인,미확인,제주특별자치도 제주시 조천읍 조함해안로 525,33.543378,126.669617,historical_official_match,https://www.data.go.kr/data/15111405/fileData.do,false
poi_874641,금강휴게소,미확인,미확인,충청북도 옥천군 동이면 금강로 596,36.278928,127.672103,historical_official_match,https://www.data.go.kr/data/15111405/fileData.do,false
poi_874642,우든 플로어 마켓 & 카페,미확인,미확인,경기도 가평군 청평면 솥틀로 152-14,37.76583,127.426225,historical_official_match,https://www.data.go.kr/data/15111405/fileData.do,false
poi_874643,장지리가마솥해장국 본점,미확인,미확인,경기도 광주시 순암로 150,37.396887,127.23383,historical_official_match,https://www.data.go.kr/data/15111405/fileData.do,false
poi_874644,오늘잡은안동갈비 신사점,미확인,미확인,서울특별시 강남구 도산대로 25길 47,37.522528,127.025702,historical_official_match,https://www.data.go.kr/data/15111405/fileData.do,false
poi_874645,청담면옥함흥냉면,미확인,미확인,서울특별시 강남구 선릉로 664,37.515787,127.04228,historical_official_match,https://www.data.go.kr/data/15111405/fileData.do,false
poi_874646,파지티브호텔 플래그십,미확인,미확인,서울특별시 강남구 압구정로46길 77,37.5236564,127.0345657,historical_official_match,https://www.data.go.kr/data/15111405/fileData.do,false
poi_874647,상계역 코코로돈까스,미확인,미확인,서울특별시 노원구 한글비석로 22길 30,37.660864,127.073969,historical_official_match,https://www.data.go.kr/data/15111405/fileData.do,false
poi_874648,카나비 스트릿,미확인,미확인,서울특별시 성동구 왕십리로 136,37.549645,127.044601,historical_official_match,https://www.data.go.kr/data/15111405/fileData.do,false
poi_874649,장수 감자탕,미확인,미확인,서울특별시 성북구 도봉로 3길 9-10,37.609991,127.029385,historical_official_match,https://www.data.go.kr/data/15111405/fileData.do,false
poi_874650,최군 스시,미확인,미확인,서울특별시 송파구 백제고분로 17길 55,37.510522,127.085012,historical_official_match,https://www.data.go.kr/data/15111405/fileData.do,false
poi_874651,어바웃샤브 대학로점,미확인,미확인,서울특별시 종로구 대학로 12길 61,37.581451,127.003971,historical_official_match,https://www.data.go.kr/data/15111405/fileData.do,false
poi_874652,삼청화 대학로,미확인,미확인,서울특별시 종로구 대학로 12길 63,37.581241,127.003961,historical_official_match,https://www.data.go.kr/data/15111405/fileData.do,false
poi_874653,익선동 콤콤오락실,미확인,미확인,서울특별시 종로구 수표로28길 23-6,37.53948,126.969285,historical_official_match,https://www.data.go.kr/data/15111405/fileData.do,false
poi_874654,남대문시장 전주식당,미확인,미확인,서울특별시 중구 남대문시장길 18-7,37.559774,126.977012,historical_official_match,https://www.data.go.kr/data/15111405/fileData.do,false
poi_874655,커피 99.9,미확인,미확인,제주특별자치도 제주시 1100로 3173,33.469817,126.484201,historical_official_match,https://www.data.go.kr/data/15111405/fileData.do,false
poi_874656,제주 마당,미확인,미확인,제주특별자치도 제주시 도리로 50,33.498225,126.458182,historical_official_match,https://www.data.go.kr/data/15111405/fileData.do,false
poi_874657,카페 빠네띠에,미확인,미확인,제주특별자치도 제주시 신설로9길 25,33.494477,126.545728,historical_official_match,https://www.data.go.kr/data/15111405/fileData.do,false
poi_874658,곽지 해수욕장,미확인,미확인,제주특별자치도 제주시 애월읍 애월원당길,33.450912,126.305738,historical_official_match,https://www.data.go.kr/data/15111405/fileData.do,false
poi_874659,TONKATSU 서황,미확인,미확인,제주특별자치도 제주시 애월읍 장소로 205-2,33.434428,126.379786,historical_official_match,https://www.data.go.kr/data/15111405/fileData.do,false
poi_874660,속초홍게대게,미확인,미확인,강원도 속초시 해오름로 205,38.190071,128.600353,historical_official_match,https://www.data.go.kr/data/15111405/fileData.do,false
poi_874661,약선당감자탕 일산점,미확인,미확인,경기도 고양시 일산동구 정발산로 21,37.656887,126.771155,historical_official_match,https://www.data.go.kr/data/15111405/fileData.do,false
poi_874662,왈츠와 닥터만,미확인,미확인,경기도 남양주시 조안면 북한강로 856-37,37.5919204,127.3385033,historical_official_match,https://www.data.go.kr/data/15111405/fileData.do,false
poi_874663,김청자매운갈비찜 서현점,미확인,미확인,경기도 성남시 분당구 황새울로330번길 16 천지오피스텔 2층,37.382522,127.15209,historical_official_match,https://www.data.go.kr/data/15111405/fileData.do,false
poi_874664,달그락 즉석떡볶이 1호점,미확인,미확인,경기도 안양시 만안구 안양로323번길 32,37.399774,126.918326,historical_official_match,https://www.data.go.kr/data/15111405/fileData.do,false
poi_874665,경기영어마을 파주캠퍼스,미확인,미확인,경기도 파주시 탄현면 얼음실로 40,37.7852355,126.703739,historical_official_match,https://www.data.go.kr/data/15111405/fileData.do,false
poi_874666,스시오 NC웨이브충장점,미확인,미확인,광주광역시 동구 중앙로 163,35.150823,126.913103,historical_official_match,https://www.data.go.kr/data/15111405/fileData.do,false
poi_874667,하남돼지집 논현직영점,미확인,미확인,서울특별시 강남구 강남대로118길 17,37.50708,127.024811,historical_official_match,https://www.data.go.kr/data/15111405/fileData.do,false
poi_874668,삼다연 논현점,미확인,미확인,서울특별시 강남구 논현로149번길 6,37.518754,127.027792,historical_official_match,https://www.data.go.kr/data/15111405/fileData.do,false
poi_874669,심양 청담본점,미확인,미확인,서울특별시 강남구 도산대로 408,37.523043,127.040229,historical_official_match,https://www.data.go.kr/data/15111405/fileData.do,false
poi_874670,새벽집 청담동점,미확인,미확인,서울특별시 강남구 도산대로101길 6,37.525567,127.052825,historical_official_match,https://www.data.go.kr/data/15111405/fileData.do,false
poi_874671,길버트버거앤프라이즈,미확인,미확인,서울특별시 강남구 도산대로15길 47,37.521227,127.023199,historical_official_match,https://www.data.go.kr/data/15111405/fileData.do,false
poi_874672,가인볼링장,미확인,미확인,서울특별시 강남구 봉은사로114길 20 지하1.2층,37.513528,127.06527,historical_official_match,https://www.data.go.kr/data/15111405/fileData.do,false
poi_874673,마법갈비 요술꼬치,미확인,미확인,서울특별시 강남구 선릉로157길 26,37.526303,127.037756,historical_official_match,https://www.data.go.kr/data/15111405/fileData.do,false
poi_874674,키쏘커피 파랑헌,미확인,미확인,서울특별시 강남구 신사동 언주로164길 35-6,37.525624,127.036623,historical_official_match,https://www.data.go.kr/data/15111405/fileData.do,false
poi_874675,오레노 유메,미확인,미확인,서울특별시 강남구 압구정로2길 59,37.518062,127.021593,historical_official_match,https://www.data.go.kr/data/15111405/fileData.do,false
poi_874676,우찌노 카레,미확인,미확인,서울특별시 강남구 압구정로50길 28 로데오현대아파트 상가동 1층 113호,37.5269,127.037328,historical_official_match,https://www.data.go.kr/data/15111405/fileData.do,false
poi_874677,슈퍼집,미확인,미확인,서울특별시 강남구 언주로130길 14,37.514856,127.036739,historical_official_match,https://www.data.go.kr/data/15111405/fileData.do,false
poi_874678,부로일,미확인,미확인,서울특별시 강남구 청담동 압구정로60길 18 2층,37.526141,127.041676,historical_official_match,https://www.data.go.kr/data/15111405/fileData.do,false
poi_874679,양철북 강동구청점,미확인,미확인,서울특별시 강동구 성내로 62,37.528033,127.126682,historical_official_match,https://www.data.go.kr/data/15111405/fileData.do,false
poi_874680,MouseRabbit,미확인,미확인,서울특별시 광진구 능동로11길 10,37.54217,127.071059,historical_official_match,https://www.data.go.kr/data/15111405/fileData.do,false
poi_874681,카페 아르무아,미확인,미확인,서울특별시 광진구 동일로22길 117-27,37.541982,127.0709,historical_official_match,https://www.data.go.kr/data/15111405/fileData.do,false
poi_874682,노룬산분식,미확인,미확인,서울특별시 광진구 뚝섬로 491,37.536415,127.064777,historical_official_match,https://www.data.go.kr/data/15111405/fileData.do,false
poi_874683,동대문곱창,미확인,미확인,서울특별시 광진구 뚝섬로27길 37,37.537485,127.065965,historical_official_match,https://www.data.go.kr/data/15111405/fileData.do,false
poi_874684,크레파스 분식,미확인,미확인,서울특별시 광진구 자양로28길 22,37.542107,127.085417,historical_official_match,https://www.data.go.kr/data/15111405/fileData.do,false
poi_874685,황순애 신토불이 떡볶이,미확인,미확인,서울특별시 광진구 천호대로129길 15 102호,37.552514,127.090451,historical_official_match,https://www.data.go.kr/data/15111405/fileData.do,false
poi_874686,오시오떡볶이,미확인,미확인,서울특별시 동작구 양녕로 278-2,37.504036,126.949794,historical_official_match,https://www.data.go.kr/data/15111405/fileData.do,false
poi_874687,또보겠지떡볶이집 붕붕허니비점,미확인,미확인,서울특별시 마포구 양화로19길 22-25,37.558924,126.92441,historical_official_match,https://www.data.go.kr/data/15111405/fileData.do,false
poi_874688,카우떡볶이,미확인,미확인,서울특별시 서대문구 이화여대길 88-21,37.559792,126.943919,historical_official_match,https://www.data.go.kr/data/15111405/fileData.do,false
poi_874689,어머니와 아들,미확인,미확인,서울특별시 서대문구 홍은중앙로 100-1,37.5993605,126.9486213,historical_official_match,https://www.data.go.kr/data/15111405/fileData.do,false
poi_874690,산들해 양재점,미확인,미확인,서울특별시 서초구 강남대로 213,37.483378,127.03498,historical_official_match,https://www.data.go.kr/data/15111405/fileData.do,false
poi_874691,프로간장게장,미확인,미확인,서울특별시 서초구 강남대로97길 9,37.514584,127.019097,historical_official_match,https://www.data.go.kr/data/15111405/fileData.do,false
poi_874692,샤오짠 서초점,미확인,미확인,서울특별시 서초구 반포대로21길 27 화원그랑빌 아파트상가 1층 108호,37.526194,127.037856,historical_official_match,https://www.data.go.kr/data/15111405/fileData.do,false
poi_874693,봇봇봇,미확인,미확인,서울특별시 성동구 아차산로9길 8,37.5447039,127.058278,historical_official_match,https://www.data.go.kr/data/15111405/fileData.do,false
poi_874694,먹쉬돈나 삼청동점,미확인,미확인,서울특별시 종로구 율곡로3길 74-7,37.578961,126.982483,historical_official_match,https://www.data.go.kr/data/15111405/fileData.do,false
poi_874695,경복궁 만나분식,미확인,미확인,서울특별시 종로구 필운대로 9-2,37.577325,126.969103,historical_official_match,https://www.data.go.kr/data/15111405/fileData.do,false
poi_874696,남대문실탄사격장,미확인,미확인,"서울특별시 중구 남대문시장길 25-8, 4층",37.5605491,126.9775087,historical_official_match,https://www.data.go.kr/data/15111405/fileData.do,false
poi_874697,아이러브신당동,미확인,미확인,서울특별시 중구 퇴계로76길 50,37.5632232,127.014772,historical_official_match,https://www.data.go.kr/data/15111405/fileData.do,false
poi_874698,고기청정,미확인,미확인,인천광역시 서구 푸른로 15번길 14,37.524447,126.631478,historical_official_match,https://www.data.go.kr/data/15111405/fileData.do,false
poi_874699,연남동홈,미확인,미확인,서울특별시 마포구 성미산로26길 14 1층,37.5631029,126.9224273,historical_official_match,https://www.data.go.kr/data/15111405/fileData.do,false
poi_874700,강원 영월 요선암,미확인,미확인,강원도 영월군 무릉도원면 무릉리 산 139,37.298489,128.260334,historical_official_match,https://www.data.go.kr/data/15111405/fileData.do,false
poi_874701,가평종합운동장,미확인,미확인,경기도 가평군 가평읍 문화로 131,37.825415,127.506884,historical_official_match,https://www.data.go.kr/data/15111405/fileData.do,false
poi_874702,위양못,미확인,미확인,경상남도 밀양시 부북면 위양리 294,35.546515,128.716006,historical_official_match,https://www.data.go.kr/data/15111405/fileData.do,false
poi_874703,카페 초량 1941,미확인,미확인,부산광역시 동구 망양로 533-5,35.119816,129.029513,historical_official_match,https://www.data.go.kr/data/15111405/fileData.do,false
poi_874704,문화공감수정,미확인,미확인,부산광역시 동구 홍곡로 75,35.125713,129.042622,historical_official_match,https://www.data.go.kr/data/15111405/fileData.do,false
poi_874705,백빈 건널목,미확인,미확인,서울특별시 용산구 한강로동 40-816,37.524642,126.960098,historical_official_match,https://www.data.go.kr/data/15111405/fileData.do,false
poi_874706,물나무 사진관,미확인,미확인,서울특별시 종로구 계동길 84-3,37.581251,126.986918,historical_official_match,https://www.data.go.kr/data/15111405/fileData.do,false
poi_874707,순라길 비비,미확인,미확인,서울특별시 종로구 서순라길 55,37.572966,126.992984,historical_official_match,https://www.data.go.kr/data/15111405/fileData.do,false
poi_874708,만연사,미확인,미확인,전라남도 화순군 화순읍 진각로 367,35.083128,126.984663,historical_official_match,https://www.data.go.kr/data/15111405/fileData.do,false
poi_874709,제주도 마라도 팔각정,미확인,미확인,제주특별자치도 서귀포시 대정읍 가파리,33.117998,126.265141,historical_official_match,https://www.data.go.kr/data/15111405/fileData.do,false
poi_874710,원조마라도해물짜장면집,미확인,미확인,제주특별자치도 서귀포시 대정읍 마라로101번길 46,33.118515,126.267365,historical_official_match,https://www.data.go.kr/data/15111405/fileData.do,false
poi_874711,천왕사,미확인,미확인,제주특별자치도 제주시 1100로 2528-171,33.408942,126.494092,historical_official_match,https://www.data.go.kr/data/15111405/fileData.do,false
poi_874712,리듬앤브루스,미확인,미확인,제주특별자치도 제주시 무근성7길 11,33.513767,126.519813,historical_official_match,https://www.data.go.kr/data/15111405/fileData.do,false
poi_874713,애월한담공원&애월한담해안산책로,미확인,미확인,제주특별자치도 제주시 애월읍 애월로 11,33.45983,126.311105,historical_official_match,https://www.data.go.kr/data/15111405/fileData.do,false
poi_874714,몽상드애월,미확인,미확인,제주특별자치도 제주시 애월읍 애월북서길 56-1,33.462867,126.309672,historical_official_match,https://www.data.go.kr/data/15111405/fileData.do,false
poi_874715,제주민속오일시장,미확인,미확인,제주특별자치도 제주시 오일장서길 26,33.496908,126.475393,historical_official_match,https://www.data.go.kr/data/15111405/fileData.do,false
poi_874716,사려니 숲길,미확인,미확인,제주특별자치도 제주시 조천읍 교래리 산 137-1,33.423076,126.626845,historical_official_match,https://www.data.go.kr/data/15111405/fileData.do,false
poi_874717,모퉁이옷장,미확인,미확인,제주특별자치도 제주시 중앙로12길 40,33.512047,126.520552,historical_official_match,https://www.data.go.kr/data/15111405/fileData.do,false
poi_874718,민기남씨네솥뚜껑닭매운탕,미확인,미확인,경기도 가평군 설악면 유명로 654-57,37.6034937,127.4956079,historical_official_match,https://www.data.go.kr/data/15111405/fileData.do,false
poi_874719,송쓰버거 본점,미확인,미확인,경기도 평택시 중앙시장로25번길 12-1,37.0807468,127.0530297,historical_official_match,https://www.data.go.kr/data/15111405/fileData.do,false
poi_874720,초량 이바구길,미확인,미확인,부산광역시 동구 초량동 865-48,35.116798,129.03657,historical_official_match,https://www.data.go.kr/data/15111405/fileData.do,false
poi_874721,송정해수욕장,미확인,미확인,부산광역시 해운대구 송정동 712-2,35.178583,129.199702,historical_official_match,https://www.data.go.kr/data/15111405/fileData.do,false
poi_874722,송정역 폐역,미확인,미확인,부산광역시 해운대구 송정동 송정중앙로6번길 60,35.181082,129.200442,historical_official_match,https://www.data.go.kr/data/15111405/fileData.do,false
poi_874723,올림픽공원,미확인,미확인,부산광역시 해운대구 우동 1413-5,35.164698,129.133155,historical_official_match,https://www.data.go.kr/data/15111405/fileData.do,false
poi_874724,메이솝,미확인,미확인,서울특별시 동대문구 전농로23길 5-1,37.580649,127.055225,historical_official_match,https://www.data.go.kr/data/15111405/fileData.do,false
poi_874725,서지스테이크,미확인,미확인,서울특별시 용산구 한강대로84길 11-5,37.5438673,126.973116,historical_official_match,https://www.data.go.kr/data/15111405/fileData.do,false
poi_874726,마복림할머니막내아들네,미확인,미확인,서울특별시 중구 다산로 221,37.563114,127.015019,historical_official_match,https://www.data.go.kr/data/15111405/fileData.do,false
poi_874727,화떡,미확인,미확인,"서울특별시 중구 명동4길 15 2,3층",37.562998,126.983791,historical_official_match,https://www.data.go.kr/data/15111405/fileData.do,false
poi_874728,구움양과,미확인,미확인,서울특별시 중구 을지로 157 대림상가 3층 라열 351호,37.5675035,126.995406,historical_official_match,https://www.data.go.kr/data/15111405/fileData.do,false
poi_874729,족떡이네,미확인,미확인,전라북도 전주시 완산구 은행로 65-3,35.8141431,127.1528445,historical_official_match,https://www.data.go.kr/data/15111405/fileData.do,false
poi_874730,투썸플레이스 춘천구봉산점,미확인,미확인,강원도 춘천시 동면 순환대로 1154-105,37.89233,127.776238,historical_official_match,https://www.data.go.kr/data/15111405/fileData.do,false
poi_874731,오늘은 봄날,미확인,미확인,경기도 가평군 청평면 북한강로 2199,37.711521,127.400757,historical_official_match,https://www.data.go.kr/data/15111405/fileData.do,false
poi_874732,88오락실,미확인,미확인,경기도 시흥시 오이도로 157-1,37.346671,126.688442,historical_official_match,https://www.data.go.kr/data/15111405/fileData.do,false
poi_874733,인사동촌,미확인,미확인,서울특별시 강남구 강남대로 152길 29,37.517885,127.021673,historical_official_match,https://www.data.go.kr/data/15111405/fileData.do,false
poi_874734,압구정 변강쇠 떡볶이,미확인,미확인,서울특별시 강남구 도산대로46길 21,37.520828,127.037266,historical_official_match,https://www.data.go.kr/data/15111405/fileData.do,false
poi_874735,청담 25,미확인,미확인,서울특별시 강남구 압구정로79길 32,37.525182,127.049746,historical_official_match,https://www.data.go.kr/data/15111405/fileData.do,false
poi_874736,강쇠네,미확인,미확인,서울특별시 광진구 뚝섬로 535,37.535045,127.069652,historical_official_match,https://www.data.go.kr/data/15111405/fileData.do,false
poi_874737,듀펠센터,미확인,미확인,서울특별시 동대문구 한천로26길 48-12,37.570549,127.067954,historical_official_match,https://www.data.go.kr/data/15111405/fileData.do,false
poi_874738,멘야하나비 신사점,미확인,미확인,서울특별시 서초구 강남대로101안길 18-1,37.5162199,127.0175506,historical_official_match,https://www.data.go.kr/data/15111405/fileData.do,false
poi_874739,레이어 57,미확인,미확인,서울특별시 성동구 성수이로20길 57,37.542018,127.06293,historical_official_match,https://www.data.go.kr/data/15111405/fileData.do,false
poi_874740,다운타우너 잠실점,미확인,미확인,서울특별시 송파구 백제고분로45길 3,37.50901,127.110659,historical_official_match,https://www.data.go.kr/data/15111405/fileData.do,false
poi_874741,인디에이,미확인,미확인,서울특별시 용산구 이태원로54길 78,37.535039,127.000894,historical_official_match,https://www.data.go.kr/data/15111405/fileData.do,false
poi_874742,MUJABEE,미확인,미확인,서울특별시 용산구 한강대로84길 11-18,37.544428,126.973142,historical_official_match,https://www.data.go.kr/data/15111405/fileData.do,false
poi_874743,혜화동 버거,미확인,미확인,서울특별시 종로구 동숭3길 6-4 1층,37.581095,127.004703,historical_official_match,https://www.data.go.kr/data/15111405/fileData.do,false
poi_874744,어느날 문득 제주,미확인,미확인,제주특별자치도 제주시 구좌읍 계룡길 25-10,33.538502,126.83443,historical_official_match,https://www.data.go.kr/data/15111405/fileData.do,false
poi_874745,정동진 바다열차,미확인,미확인,강원도 강릉시 강동면 정동역길 17,37.691501,129.032677,historical_official_match,https://www.data.go.kr/data/15111405/fileData.do,false
poi_874746,삼척해수욕장,미확인,미확인,강원도 삼척시 교동,37.468892,129.168765,historical_official_match,https://www.data.go.kr/data/15111405/fileData.do,false
poi_874747,비발디파크 스키장&스노위랜드,미확인,미확인,강원도 홍천군 서면 한치골길 262,37.643682,127.683787,historical_official_match,https://www.data.go.kr/data/15111405/fileData.do,false
poi_874748,가평휴게소,미확인,미확인,경기도 가평군 설악면 미사리로540번길 51,37.701943,127.546795,historical_official_match,https://www.data.go.kr/data/15111405/fileData.do,false
poi_874749,청평 리버랜드,미확인,미확인,경기도 가평군 설악면 유명로 2320,37.70817,127.449169,historical_official_match,https://www.data.go.kr/data/15111405/fileData.do,false
poi_874750,퍼스트가든,미확인,미확인,경기도 파주시 탑삭골길 260,37.7321551,126.793933,historical_official_match,https://www.data.go.kr/data/15111405/fileData.do,false
poi_874751,딩가케이크,미확인,미확인,서울특별시 마포구 동교로29길 68,37.563573,126.922026,historical_official_match,https://www.data.go.kr/data/15111405/fileData.do,false
poi_874752,망원수제고로케,미확인,미확인,서울특별시 마포구 망원로 80,37.557275,126.905311,historical_official_match,https://www.data.go.kr/data/15111405/fileData.do,false
poi_874753,큐스닭강정,미확인,미확인,서울특별시 마포구 망원로8길 27,37.5562557,126.9062372,historical_official_match,https://www.data.go.kr/data/15111405/fileData.do,false
poi_874754,청춘마트 망원점,미확인,미확인,서울특별시 마포구 월드컵로13길 37,37.555346,126.908116,historical_official_match,https://www.data.go.kr/data/15111405/fileData.do,false
poi_874755,마포만두 망원점,미확인,미확인,서울특별시 마포구 월드컵로13길 43,37.555339,126.90771,historical_official_match,https://www.data.go.kr/data/15111405/fileData.do,false
poi_874756,도쿄빙수 망원본점,미확인,미확인,서울특별시 마포구 포은로8길 9,37.556382,126.905077,historical_official_match,https://www.data.go.kr/data/15111405/fileData.do,false
poi_874757,성일정육식당,미확인,미확인,서울특별시 성동구 아차산로 3길 9,37.548281,127.046952,historical_official_match,https://www.data.go.kr/data/15111405/fileData.do,false
poi_874758,랜디스도넛 제주애월점,미확인,미확인,제주특별자치도 제주시 애월읍 애월로 27-1,33.461206,126.311632,historical_official_match,https://www.data.go.kr/data/15111405/fileData.do,false
poi_874759,이가 닭강정,미확인,미확인,강원도 영월군 영월읍 영월로 2105-1,37.182754,128.480407,historical_official_match,https://www.data.go.kr/data/15111405/fileData.do,false
poi_874760,항아리보쌈 위례점,미확인,미확인,경기도 성남시 수정구 위례서일로3길 33-4,37.468349,127.13907,historical_official_match,https://www.data.go.kr/data/15111405/fileData.do,false
poi_874761,명랑핫도그 신구대점,미확인,미확인,경기도 성남시 중원구 금빛로 52,37.446527,127.167643,historical_official_match,https://www.data.go.kr/data/15111405/fileData.do,false
poi_874762,용문역,미확인,미확인,경기도 양평군 용문면 용문역길 21,37.482466,127.59449,historical_official_match,https://www.data.go.kr/data/15111405/fileData.do,false
poi_874763,문화마실,미확인,미확인,경상북도 포항시 남구 구룡포읍 구룡포길 133-1,35.991405,129.559824,historical_official_match,https://www.data.go.kr/data/15111405/fileData.do,false
poi_874764,영진돼지국밥코스트코센텀점,미확인,미확인,부산광역시 수영구 구락로 86,35.174692,129.117415,historical_official_match,https://www.data.go.kr/data/15111405/fileData.do,false
poi_874765,추풍령칼삼겹살 압구정점,미확인,미확인,서울특별시 강남구 도산대로 51길 41,37.525929,127.038158,historical_official_match,https://www.data.go.kr/data/15111405/fileData.do,false
poi_874766,공리 청담점,미확인,미확인,서울특별시 강남구 도산대로92길 6,37.524114,127.050321,historical_official_match,https://www.data.go.kr/data/15111405/fileData.do,false
poi_874767,신전떡볶이 대치점,미확인,미확인,서울특별시 강남구 선릉로 420,37.502513,127.050253,historical_official_match,https://www.data.go.kr/data/15111405/fileData.do,false
poi_874768,할라고 압구정선상점,미확인,미확인,서울특별시 강남구 압구정로11길 37-53,37.528789,127.019073,historical_official_match,https://www.data.go.kr/data/15111405/fileData.do,false
poi_874769,공수간 코엑스몰점,미확인,미확인,서울특별시 강남구 영동대로 513,37.510177,127.05866,historical_official_match,https://www.data.go.kr/data/15111405/fileData.do,false
poi_874770,곰바위 본점,미확인,미확인,서울특별시 강남구 영동대로115길 10,37.514867,127.058748,historical_official_match,https://www.data.go.kr/data/15111405/fileData.do,false
poi_874771,항아리보쌈 선릉점,미확인,미확인,서울특별시 강남구 테헤란로 51길 16,37.505105,127.046532,historical_official_match,https://www.data.go.kr/data/15111405/fileData.do,false
poi_874772,플랫폼창동61,미확인,미확인,서울특별시 도봉구 마들로 11길 74,37.654256,127.048782,historical_official_match,https://www.data.go.kr/data/15111405/fileData.do,false
poi_874773,가츠신 본점,미확인,미확인,서울특별시 마포구 독막로2길 22,37.547587,126.914427,historical_official_match,https://www.data.go.kr/data/15111405/fileData.do,false
poi_874774,혼가츠,미확인,미확인,서울특별시 마포구 와우산로21길 36-6 1층 102호,37.5526021,126.9220183,historical_official_match,https://www.data.go.kr/data/15111405/fileData.do,false
poi_874775,미쓰윤,미확인,미확인,서울특별시 서초구 양재천로17길 3,37.475363,127.03775,historical_official_match,https://www.data.go.kr/data/15111405/fileData.do,false
poi_874776,세빛섬 튜브스터,미확인,미확인,서울특별시 서초구 올림픽대로 2085-14,37.512415,126.995977,historical_official_match,https://www.data.go.kr/data/15111405/fileData.do,false
poi_874777,차 마시는 뜰,미확인,미확인,서울특별시 종로구 북촌로11나길 26,37.582157,126.982246,historical_official_match,https://www.data.go.kr/data/15111405/fileData.do,false
poi_874778,옛날 국밥집,미확인,미확인,서울특별시 종로구 종로58길 12,37.572806,127.017775,historical_official_match,https://www.data.go.kr/data/15111405/fileData.do,false
poi_874779,만족오향족발 시청점,미확인,미확인,서울특별시 중구 서소문로 134-7,37.5632148,126.9760019,historical_official_match,https://www.data.go.kr/data/15111405/fileData.do,false
poi_874780,소창체험관,미확인,미확인,인천광역시 강화군 강화읍 남문안길20번길 8,37.745613,126.485102,historical_official_match,https://www.data.go.kr/data/15111405/fileData.do,false
poi_874781,강화 씨사이드리조트 루지,미확인,미확인,인천광역시 강화군 길상면 장흥로 217,37.618709,126.499897,historical_official_match,https://www.data.go.kr/data/15111405/fileData.do,false
poi_874782,트라몬토 카페,미확인,미확인,인천광역시 강화군 화도면 해안남로 2680-16,37.634274,126.374956,historical_official_match,https://www.data.go.kr/data/15111405/fileData.do,false
poi_874783,오설록 티 뮤지엄,미확인,미확인,제주특별자치도 서귀포시 안덕면 신화역사로 15,33.306312,126.288343,historical_official_match,https://www.data.go.kr/data/15111405/fileData.do,false
poi_874784,CAFERI 카페리,미확인,미확인,제주특별자치도 제주시 구좌읍 평대2길 39,33.533924,126.839715,historical_official_match,https://www.data.go.kr/data/15111405/fileData.do,false
poi_874785,광평도새기촌 본점,미확인,미확인,제주특별자치도 제주시 애월읍 구엄동3길 64,33.489487,126.5384,historical_official_match,https://www.data.go.kr/data/15111405/fileData.do,false
poi_874786,에코랜드 테마파크,미확인,미확인,제주특별자치도 제주시 조천읍 번영로 1278-169,33.446946,126.667424,historical_official_match,https://www.data.go.kr/data/15111405/fileData.do,false
poi_874787,마블 스트라이크,미확인,미확인,강원도 춘천시 아침길 10,36.602055,126.669228,historical_official_match,https://www.data.go.kr/data/15111405/fileData.do,false
poi_874788,원마운트,미확인,미확인,경기도 고양시 일산서구 한류월드로 300,37.664347,126.754379,historical_official_match,https://www.data.go.kr/data/15111405/fileData.do,false
poi_874789,시화호,미확인,미확인,경기도 안산시 단원구 대부남동,37.301904,126.67106,historical_official_match,https://www.data.go.kr/data/15111405/fileData.do,false
poi_874790,수진당,미확인,미확인,경기도 용인시 처인구 이동면 한덕로7번길 3-7,37.184927,127.233774,historical_official_match,https://www.data.go.kr/data/15111405/fileData.do,false
poi_874449,브라운 슈가,미확인,미확인,경상북도 경주시 밝은마을길 5,35.83073,129.23141,historical_official_match,https://www.data.go.kr/data/15111405/fileData.do,false
poi_874450,불국사,미확인,미확인,경상북도 경주시 불국로 385,35.790102,129.332092,historical_official_match,https://www.data.go.kr/data/15111405/fileData.do,false
poi_874451,경주 역사 유적지구,미확인,미확인,경상북도 경주시 인왕동 839-1,35.834837,129.219114,historical_official_match,https://www.data.go.kr/data/15111405/fileData.do,false
poi_874452,대릉원,미확인,미확인,경상북도 경주시 황남동 계림로 9,35.838046,129.212381,historical_official_match,https://www.data.go.kr/data/15111405/fileData.do,false
poi_874453,동래밀면 본점,미확인,미확인,부산광역시 동래구 명륜로 47,35.198295,129.084155,historical_official_match,https://www.data.go.kr/data/15111405/fileData.do,false
poi_874454,곱창쌀롱연탄구이,미확인,미확인,부산광역시 부산진구 동평로 223번길 44,35.170864,129.050229,historical_official_match,https://www.data.go.kr/data/15111405/fileData.do,false
poi_874455,부산시민공원,미확인,미확인,부산광역시 부산진구 연지동 195-1,35.168097,129.057307,historical_official_match,https://www.data.go.kr/data/15111405/fileData.do,false
poi_874456,다대포 해수욕장,미확인,미확인,부산광역시 사하구 몰운대1길 14,35.046642,128.964607,historical_official_match,https://www.data.go.kr/data/15111405/fileData.do,false
poi_874457,광안대교,미확인,미확인,부산광역시 수영구 민락동 광안대교,35.147603,129.130119,historical_official_match,https://www.data.go.kr/data/15111405/fileData.do,false
poi_874458,달맞이길,미확인,미확인,부산광역시 해운대구 달맞이길 190,35.1566509,129.180004,historical_official_match,https://www.data.go.kr/data/15111405/fileData.do,false
poi_874459,해운대 부산횟집,미확인,미확인,부산광역시 해운대구 달맞이길62번길 28 1층,35.158799,129.170513,historical_official_match,https://www.data.go.kr/data/15111405/fileData.do,false
poi_874460,난장캠프,미확인,미확인,서울특별시 강남구 강남대로114길 10 2층,37.519461,127.020887,historical_official_match,https://www.data.go.kr/data/15111405/fileData.do,false
poi_874461,학동공원,미확인,미확인,서울특별시 강남구 강남대로140길 47,37.515596,127.025464,historical_official_match,https://www.data.go.kr/data/15111405/fileData.do,false
poi_874462,은행골 신사점,미확인,미확인,서울특별시 강남구 강남대로152길 42 2층,37.517978,127.022739,historical_official_match,https://www.data.go.kr/data/15111405/fileData.do,false
poi_874463,네모집 논현점,미확인,미확인,서울특별시 강남구 논현로 149길 12,37.518511,127.027325,historical_official_match,https://www.data.go.kr/data/15111405/fileData.do,false
poi_874464,다독인더시티,미확인,미확인,서울특별시 강남구 논현로101길 10,37.504569,127.034036,historical_official_match,https://www.data.go.kr/data/15111405/fileData.do,false
poi_874465,지아니스나폴리 가로수길점,미확인,미확인,서울특별시 강남구 도산대로15길 15,37.519172,127.023774,historical_official_match,https://www.data.go.kr/data/15111405/fileData.do,false
poi_874466,Scopa The Chef,미확인,미확인,서울특별시 강남구 도산대로89길 13,37.525503,127.050759,historical_official_match,https://www.data.go.kr/data/15111405/fileData.do,false
poi_874467,K STAR ROAD,미확인,미확인,서울특별시 강남구 압구정로 339-3,37.527676,127.041637,historical_official_match,https://www.data.go.kr/data/15111405/fileData.do,false
poi_874468,카페 캠프통,미확인,미확인,서울특별시 강남구 압구정로42길 27,37.52698,127.03527,historical_official_match,https://www.data.go.kr/data/15111405/fileData.do,false
poi_874469,질할브로스 청담점,미확인,미확인,서울특별시 강남구 압구정로79길 32 1층,37.525005,127.049818,historical_official_match,https://www.data.go.kr/data/15111405/fileData.do,false
poi_874470,더이삭플라워,미확인,미확인,서울특별시 강남구 언주로 313,37.495609,127.04563,historical_official_match,https://www.data.go.kr/data/15111405/fileData.do,false
poi_874471,꽃새우 영번지 역삼점,미확인,미확인,서울특별시 강남구 언주로 536,37.506191,127.041331,historical_official_match,https://www.data.go.kr/data/15111405/fileData.do,false
poi_874474,CHAI797 역삼GFC점,미확인,미확인,서울특별시 강남구 테헤란로 152,37.500116,127.036538,historical_official_match,https://www.data.go.kr/data/15111405/fileData.do,false
poi_874475,NY B&B,미확인,미확인,서울특별시 강남구 테헤란로6길 30,37.496532,127.031073,historical_official_match,https://www.data.go.kr/data/15111405/fileData.do,false
poi_874476,갯벌의진주본점,미확인,미확인,서울특별시 강남구 학동로2길 55,37.508091,127.023852,historical_official_match,https://www.data.go.kr/data/15111405/fileData.do,false
poi_874477,안동참찜닭 본점,미확인,미확인,서울특별시 광진구 동일로 20길 117,37.53954,127.0699,historical_official_match,https://www.data.go.kr/data/15111405/fileData.do,false
poi_874848,버터핑거팬케이크 청담점,미확인,미확인,서울특별시 강남구 선릉로152길 11,37.524289,127.040411,historical_official_match,https://www.data.go.kr/data/15111405/fileData.do,false
poi_874472,개그맨 정용국의 용곱창 강남본점,미확인,미확인,서울특별시 강남구 언주로108길 8,37.508059,127.040297,historical_official_match,https://www.data.go.kr/data/15111405/fileData.do,false
poi_874473,페인팅룸,미확인,미확인,서울특별시 강남구 언주로170길 24 은미르빌딩 지하 1층,37.526679,127.035605,historical_official_match,https://www.data.go.kr/data/15111405/fileData.do,false
poi_874405,송파파크하비오워터킹덤워터파크&찜질스파,미확인,미확인,서울특별시 송파구 송파대로 111 202동 지하1층,37.480282,127.124267,historical_official_match,https://www.data.go.kr/data/15111405/fileData.do,false
poi_874406,더큐이스케이프 대학로점,미확인,미확인,서울특별시 종로구 대학로12길 15,37.582699,127.002822,historical_official_match,https://www.data.go.kr/data/15111405/fileData.do,false
poi_874407,얼큰한 조벡이 수제비,미확인,미확인,서울특별시 종로구 인사동5길 15-1,37.57256,126.985525,historical_official_match,https://www.data.go.kr/data/15111405/fileData.do,false
poi_874408,월미테마파크,미확인,미확인,인천광역시 중구 월미문화로 81,37.471305,126.59629,historical_official_match,https://www.data.go.kr/data/15111405/fileData.do,false
poi_874409,여수 낭만포차거리,미확인,미확인,전라남도 여수시 하멜로 102,34.736745,127.749258,historical_official_match,https://www.data.go.kr/data/15111405/fileData.do,false
poi_874410,로드129,미확인,미확인,제주특별자치도 제주시 애월읍 애월로 129,33.464334,126.321107,historical_official_match,https://www.data.go.kr/data/15111405/fileData.do,false
poi_874411,간현 돈까스 본점,미확인,미확인,강원도 원주시 지정면 간현로 155,37.362911,127.837966,historical_official_match,https://www.data.go.kr/data/15111405/fileData.do,false
poi_874412,대관령 삼양목장,미확인,미확인,강원도 평창군 대관령면 꽃밭양지길 708-9,37.723053,128.719629,historical_official_match,https://www.data.go.kr/data/15111405/fileData.do,false
poi_874413,무아레478&F1,미확인,미확인,경기도 가평군 청평면 북한강로 1619,37.666799,127.385121,historical_official_match,https://www.data.go.kr/data/15111405/fileData.do,false
poi_874414,바다에서건진한상,미확인,미확인,부산광역시 중구 자갈치로47번길 4,35.097546,129.0296,historical_official_match,https://www.data.go.kr/data/15111405/fileData.do,false
poi_874415,스매싱볼 청담점,미확인,미확인,서울특별시 강남구 선릉로 818,37.524463,127.040077,historical_official_match,https://www.data.go.kr/data/15111405/fileData.do,false
poi_874416,자매의 부엌,미확인,미확인,서울특별시 강남구 압구정로10길 40,37.5208909,127.0220008,historical_official_match,https://www.data.go.kr/data/15111405/fileData.do,false
poi_874417,아트몬스터 강남역점,미확인,미확인,"서울특별시 강남구 테헤란로1길 28-3, 2층",37.500473,127.027615,historical_official_match,https://www.data.go.kr/data/15111405/fileData.do,false
poi_874418,천사곱창 마곡나루,미확인,미확인,서울특별시 강서구 마곡중앙로 161-8,37.568509,126.827524,historical_official_match,https://www.data.go.kr/data/15111405/fileData.do,false
poi_874419,반지더하기 건대점,미확인,미확인,서울특별시 광진구 동일로22길 96 3층,37.540908,127.069351,historical_official_match,https://www.data.go.kr/data/15111405/fileData.do,false
poi_874420,서산 간장게장,미확인,미확인,서울특별시 동대문구 장한로24길 7,37.570778,127.071528,historical_official_match,https://www.data.go.kr/data/15111405/fileData.do,false
poi_874421,대한곱창 장안점,미확인,미확인,서울특별시 동대문구 천호대로85길 21 동원빌딩 1층,37.562946,127.0662747,historical_official_match,https://www.data.go.kr/data/15111405/fileData.do,false
poi_874422,인아우트,미확인,미확인,서울특별시 마포구 와우산로13길 6 지하2층,37.549853,126.922675,historical_official_match,https://www.data.go.kr/data/15111405/fileData.do,false
poi_874423,GS 한강 반포 1호점,미확인,미확인,서울특별시 서초구 잠원동 122-1 한강시민공원 1층,37.512778,127.002278,historical_official_match,https://www.data.go.kr/data/15111405/fileData.do,false
poi_874424,우장창창 목동본점,미확인,미확인,서울특별시 양천구 목동중앙서로1길 17,37.533322,126.864171,historical_official_match,https://www.data.go.kr/data/15111405/fileData.do,false
poi_874425,메리어트 이그제큐티브 아파트먼트 서울,미확인,미확인,서울특별시 영등포구 여의대로 8,37.521306,126.918306,historical_official_match,https://www.data.go.kr/data/15111405/fileData.do,false
poi_874426,코레아노스 키친 녹사평점,미확인,미확인,서울특별시 용산구 녹사평대로40길 46,37.534382,126.988213,historical_official_match,https://www.data.go.kr/data/15111405/fileData.do,false
poi_874427,마이 스윗,미확인,미확인,서울특별시 용산구 이태원로20길 4,37.534057,126.991956,historical_official_match,https://www.data.go.kr/data/15111405/fileData.do,false
poi_874428,길거리야 본점,미확인,미확인,전라북도 전주시 완산구 경기전길 124,35.813924,127.151097,historical_official_match,https://www.data.go.kr/data/15111405/fileData.do,false
poi_874429,솜씨당,미확인,미확인,전라북도 전주시 완산구 교동 경기전길 165-5,35.812144,127.151583,historical_official_match,https://www.data.go.kr/data/15111405/fileData.do,false
poi_874430,BT 아일랜드,미확인,미확인,전라북도 전주시 완산구 전주객사4길 74-6,35.821097,127.143475,historical_official_match,https://www.data.go.kr/data/15111405/fileData.do,false
poi_874431,한스델리 전주점,미확인,미확인,전라북도 전주시 완산구 전주객사5길 43-18,35.820075,127.144693,historical_official_match,https://www.data.go.kr/data/15111405/fileData.do,false
poi_874432,돈구어 구좌 세화점,미확인,미확인,제주특별자치도 제주시 구좌읍 세화1길 15,33.524988,126.854196,historical_official_match,https://www.data.go.kr/data/15111405/fileData.do,false
poi_874433,향호해변,미확인,미확인,강원도 강릉시 주문진읍 동해대로,37.912609,128.816635,historical_official_match,https://www.data.go.kr/data/15111405/fileData.do,false
poi_874434,맹방해수욕장,미확인,미확인,강원도 삼척시 근덕면 맹방해변로,37.38928,129.2341,historical_official_match,https://www.data.go.kr/data/15111405/fileData.do,false
poi_874435,뮤지엄 산,미확인,미확인,강원도 원주시 지정면 오크밸리2길 260,37.418903,127.82302,historical_official_match,https://www.data.go.kr/data/15111405/fileData.do,false
poi_874436,내린천번지점프장,미확인,미확인,강원도 인제군 인제읍 설악로 2254,38.076117,128.186743,historical_official_match,https://www.data.go.kr/data/15111405/fileData.do,false
poi_874437,달아실,미확인,미확인,강원도 춘천시 동면 금옥길 228,37.920761,127.806303,historical_official_match,https://www.data.go.kr/data/15111405/fileData.do,false
poi_874438,AD646 펜션,미확인,미확인,경기도 가평군 가평읍 용추로 508-78,37.861752,127.470025,historical_official_match,https://www.data.go.kr/data/15111405/fileData.do,false
poi_874439,원조연탄갈비,미확인,미확인,경기도 고양시 일산동구 애니골길 42,37.671325,126.7912,historical_official_match,https://www.data.go.kr/data/15111405/fileData.do,false
poi_874440,다람쥐마을 누룽지백숙,미확인,미확인,경기도 고양시 일산동구 애니골길43번길 48,37.673249,126.789149,historical_official_match,https://www.data.go.kr/data/15111405/fileData.do,false
poi_874441,까사누아,미확인,미확인,경기도 양평군 서종면 내수입길 130-8,37.6372907,127.3837157,historical_official_match,https://www.data.go.kr/data/15111405/fileData.do,false
poi_874442,구하우스미술관,미확인,미확인,경기도 양평군 서종면 무내미길 49-12,37.603022,127.351257,historical_official_match,https://www.data.go.kr/data/15111405/fileData.do,false
poi_874443,체인지업캠퍼스 양평캠프,미확인,미확인,경기도 양평군 용문면 연수로 209,37.4999032,127.575543,historical_official_match,https://www.data.go.kr/data/15111405/fileData.do,false
poi_874444,구둔역 폐역,미확인,미확인,경기도 양평군 지평면 구둔역길 3,37.437333,127.688739,historical_official_match,https://www.data.go.kr/data/15111405/fileData.do,false
poi_874445,용인대장금파크,미확인,미확인,경기도 용인시 처인구 백암면 용천드라마길 25,37.121215,127.336851,historical_official_match,https://www.data.go.kr/data/15111405/fileData.do,false
poi_874446,하남 스타필드 스포츠 몬스터,미확인,미확인,경기도 하남시 미사대로 750 스타필드 하남 4층,37.54475,127.22584,historical_official_match,https://www.data.go.kr/data/15111405/fileData.do,false
poi_874447,형도,미확인,미확인,경기도 화성시 송산면 독지리,37.274333,126.671683,historical_official_match,https://www.data.go.kr/data/15111405/fileData.do,false
poi_874448,지브로 하우스 & studio,미확인,미확인,경상남도 거제시 연초면 국산로 17,34.905333,128.684361,historical_official_match,https://www.data.go.kr/data/15111405/fileData.do,false
poi_874803,마호가니 여의도점,미확인,미확인,서울특별시 영등포구 여의대로 66 하이투자증권빌딩,37.524669,126.923773,historical_official_match,https://www.data.go.kr/data/15111405/fileData.do,false
poi_874804,황산초지바다낚시터,미확인,미확인,인천광역시 강화군 길상면 초지리 1325-60,37.61793,126.535764,historical_official_match,https://www.data.go.kr/data/15111405/fileData.do,false
poi_874805,잘생긴 돈까스 본점,미확인,미확인,전라남도 나주시 대호길 89,35.042795,126.716599,historical_official_match,https://www.data.go.kr/data/15111405/fileData.do,false
poi_874806,동복해녀식당,미확인,미확인,제주특별자치도 제주시 구좌읍 동복로 5,33.553505,126.706909,historical_official_match,https://www.data.go.kr/data/15111405/fileData.do,false
poi_874807,월정리 해수욕장,미확인,미확인,제주특별자치도 제주시 구좌읍 월정리 33-3,33.556005,126.796243,historical_official_match,https://www.data.go.kr/data/15111405/fileData.do,false
poi_874808,비젠빌리지,미확인,미확인,제주특별자치도 제주시 구좌읍 하도9길 72,33.511554,126.890803,historical_official_match,https://www.data.go.kr/data/15111405/fileData.do,false
poi_874809,방긋스낵,미확인,미확인,제주특별자치도 제주시 구좌읍 행원로1길 32-5,33.555091,126.800453,historical_official_match,https://www.data.go.kr/data/15111405/fileData.do,false
poi_874810,벤스쿠키 가로수길점,미확인,미확인,서울특별시 강남구 도산대로 11길 33,37.51967,127.022272,historical_official_match,https://www.data.go.kr/data/15111405/fileData.do,false
poi_874811,소울컵,미확인,미확인,서울특별시 강동구 강동대로 205,37.52406,127.129116,historical_official_match,https://www.data.go.kr/data/15111405/fileData.do,false
poi_874812,보성갈비 본점,미확인,미확인,서울특별시 강동구 양재대로89가길 14,37.526039,127.134628,historical_official_match,https://www.data.go.kr/data/15111405/fileData.do,false
poi_874813,파사주,미확인,미확인,서울특별시 마포구 성지5길 8 1층,37.54626,126.913243,historical_official_match,https://www.data.go.kr/data/15111405/fileData.do,false
poi_874814,아리수 한정식,미확인,미확인,서울특별시 양천구 목동서로 213,37.527969,126.87054,historical_official_match,https://www.data.go.kr/data/15111405/fileData.do,false
poi_874815,인생네컷 종로익선동한옥거리점,미확인,미확인,서울특별시 종로구 수표로28길 17-34,37.573621,126.989553,historical_official_match,https://www.data.go.kr/data/15111405/fileData.do,false
poi_874816,젠젠 오네스타점,미확인,미확인,인천광역시 연수구 송도동 168-2 오네스타몰 3층,37.381438,126.656759,historical_official_match,https://www.data.go.kr/data/15111405/fileData.do,false
poi_874817,비고 리조트,미확인,미확인,전라남도 여수시 돌산읍 3155-1,34.70393,127.75622,historical_official_match,https://www.data.go.kr/data/15111405/fileData.do,false
poi_874818,송지호해수욕장,미확인,미확인,강원도 고성군 죽왕면,38.332527,128.527657,historical_official_match,https://www.data.go.kr/data/15111405/fileData.do,false
poi_874819,춘천의암호스카이워크,미확인,미확인,강원도 춘천시 칠전동 486,37.8488836,127.6807212,historical_official_match,https://www.data.go.kr/data/15111405/fileData.do,false
poi_874820,루지월드,미확인,미확인,강원도 홍천군 서면 한치골길 262,37.6448262,127.6811174,historical_official_match,https://www.data.go.kr/data/15111405/fileData.do,false
poi_874821,당주당반점,미확인,미확인,경기도 고양시 덕양구 중앙로 232,37.606996,126.865334,historical_official_match,https://www.data.go.kr/data/15111405/fileData.do,false
poi_874822,빌라드파넬,미확인,미확인,경기도 용인시 처인구 백암면 박곡로 192,37.1745566,127.3957527,historical_official_match,https://www.data.go.kr/data/15111405/fileData.do,false
poi_874823,장림포구,미확인,미확인,부산광역시 사하구 장림로93번길 72,35.0804251,128.9526025,historical_official_match,https://www.data.go.kr/data/15111405/fileData.do,false
poi_874824,카페 해인,미확인,미확인,부산광역시 서구 암남로94번길 62,35.0748351,129.0124676,historical_official_match,https://www.data.go.kr/data/15111405/fileData.do,false
poi_874825,태종대사랑방조개구이,미확인,미확인,부산광역시 영도구 태종로 816,35.063465,129.078744,historical_official_match,https://www.data.go.kr/data/15111405/fileData.do,false
poi_874826,라마다앙코르 바이 윈덤 부산 해운대,미확인,미확인,부산광역시 해운대구 구남로 9,35.163197,129.1595,historical_official_match,https://www.data.go.kr/data/15111405/fileData.do,false
poi_874827,르자당 도산점,미확인,미확인,서울특별시 강남구 도산대로45길 10-3 3층,37.5232199,127.0338166,historical_official_match,https://www.data.go.kr/data/15111405/fileData.do,false
poi_874828,더청담수산,미확인,미확인,서울특별시 강남구 압구정로 338 1층,37.528073,127.038864,historical_official_match,https://www.data.go.kr/data/15111405/fileData.do,false
poi_874829,마사 타코,미확인,미확인,서울특별시 강남구 압구정로10길 30-8,37.521983,127.02174,historical_official_match,https://www.data.go.kr/data/15111405/fileData.do,false
poi_874830,도쿄수플레,미확인,미확인,서울특별시 강남구 압구정로10길 35 1층,37.5212755,127.0222051,historical_official_match,https://www.data.go.kr/data/15111405/fileData.do,false
poi_874831,하이디라오 건대지점,미확인,미확인,서울특별시 광진구 능동로 110,37.540649,127.071447,historical_official_match,https://www.data.go.kr/data/15111405/fileData.do,false
poi_874832,플레이독스,미확인,미확인,서울특별시 광진구 능동로 163,37.546741,127.073477,historical_official_match,https://www.data.go.kr/data/15111405/fileData.do,false
poi_874833,꾸머카페,미확인,미확인,서울특별시 마포구 성지길 40,37.546974,126.912915,historical_official_match,https://www.data.go.kr/data/15111405/fileData.do,false
poi_874834,잠수교,미확인,미확인,서울특별시 서초구 반포동,37.514658,126.996412,historical_official_match,https://www.data.go.kr/data/15111405/fileData.do,false
poi_874835,센토리,미확인,미확인,서울특별시 서초구 신반포로49길 12 하늘정원빌딩,37.511484,127.020252,historical_official_match,https://www.data.go.kr/data/15111405/fileData.do,false
poi_874836,카페 앤 아더,미확인,미확인,서울특별시 성동구 서울숲2길 40-10,37.54625,127.0406024,historical_official_match,https://www.data.go.kr/data/15111405/fileData.do,false
poi_874837,점프스카이,미확인,미확인,서울특별시 송파구 송파대로 111 201동 B103호,37.480108,127.124604,historical_official_match,https://www.data.go.kr/data/15111405/fileData.do,false
poi_874838,서울스카이,미확인,미확인,서울특별시 송파구 올림픽로 300 117~123층,37.5106452,127.1014698,historical_official_match,https://www.data.go.kr/data/15111405/fileData.do,false
poi_874839,바캉스 커피,미확인,미확인,서울특별시 중구 남대문로9길 12,37.5667822,126.9817517,historical_official_match,https://www.data.go.kr/data/15111405/fileData.do,false
poi_874840,마복림떡볶이,미확인,미확인,서울특별시 중구 다산로35길 5,37.5631824,127.0150869,historical_official_match,https://www.data.go.kr/data/15111405/fileData.do,false
poi_874841,볼링볼링,미확인,미확인,서울특별시 중구 청계천로 400 롯데캐슬베네치아 메가몰동 지하1층,37.570766,127.019836,historical_official_match,https://www.data.go.kr/data/15111405/fileData.do,false
poi_874842,소무의도,미확인,미확인,인천광역시 중구 무의동 산369,37.3716352,126.4435517,historical_official_match,https://www.data.go.kr/data/15111405/fileData.do,false
poi_874843,강문해변,미확인,미확인,강원도 강릉시 창해로350번길 5,37.79663,128.917612,historical_official_match,https://www.data.go.kr/data/15111405/fileData.do,false
poi_874844,캠프통 아일랜드,미확인,미확인,경기도 가평군 청평면 호반로 976,37.710375,127.484009,historical_official_match,https://www.data.go.kr/data/15111405/fileData.do,false
poi_874845,바운스트램폴린파크 용인 죽전센터,미확인,미확인,경기도 용인시 처인구 모현읍 오산로13번길 46 1동 1층,37.3322,127.161689,historical_official_match,https://www.data.go.kr/data/15111405/fileData.do,false
poi_874846,어반리 st 동탄점,미확인,미확인,경기도 화성시 장지로 60-12,37.1574321,127.1138928,historical_official_match,https://www.data.go.kr/data/15111405/fileData.do,false
poi_874847,최인아 책방,미확인,미확인,서울특별시 강남구 선릉로 521,37.506026,127.047895,historical_official_match,https://www.data.go.kr/data/15111405/fileData.do,false
poi_874853,캘리포니아도넛클럽 & 비라티오 홍대점,미확인,미확인,서울특별시 마포구 잔다리로 28,37.551124,126.920229,historical_official_match,https://www.data.go.kr/data/15111405/fileData.do,false
poi_874854,그 아저씨 공방,미확인,미확인,서울특별시 성동구 무학봉15길 27,37.563641,127.030159,historical_official_match,https://www.data.go.kr/data/15111405/fileData.do,false
poi_874855,그러하다 스튜디오 PART 1,미확인,미확인,서울특별시 성북구 삼양로 139나길 54,37.648342,127.009513,historical_official_match,https://www.data.go.kr/data/15111405/fileData.do,false
poi_874856,풍납나들목,미확인,미확인,서울특별시 송파구 신천동 풍납나들목,37.5279992,127.1079098,historical_official_match,https://www.data.go.kr/data/15111405/fileData.do,false
poi_874857,현대카드 바이닐앤플라스틱,미확인,미확인,서울특별시 용산구 이태원로 248,37.53677,127.000831,historical_official_match,https://www.data.go.kr/data/15111405/fileData.do,false
poi_874858,서울커피 익선점,미확인,미확인,서울특별시 종로구 수표로28길 33-3,37.5732785,126.990051,historical_official_match,https://www.data.go.kr/data/15111405/fileData.do,false
poi_874859,와이엔,미확인,미확인,서울특별시 종로구 윤보선길 71 1층,37.579182,126.9833118,historical_official_match,https://www.data.go.kr/data/15111405/fileData.do,false
poi_874860,라마다 제주함덕호텔,미확인,미확인,제주특별자치도 제주시 조천읍 신북로 470,33.5432547,126.6598643,historical_official_match,https://www.data.go.kr/data/15111405/fileData.do,false
poi_175,보신각터,미확인,미확인,서울특별시 종로구 종로 54,37.5698150675,126.9835760212,historical_official_match,https://www.data.go.kr/data/15111405/fileData.do,false
poi_268,성수연방,미확인,미확인,서울특별시 성동구 성수이로14길 14,37.5417140944,127.0568784737,historical_official_match,https://www.data.go.kr/data/15111405/fileData.do,false
poi_284,숭례문,미확인,미확인,서울특별시 중구 세종대로 40,37.5599855058,126.9752992762,historical_official_match,https://www.data.go.kr/data/15111405/fileData.do,false
poi_311,안녕인사동,미확인,미확인,서울특별시 종로구 인사동길 49,37.5744839692,126.9835620013,historical_official_match,https://www.data.go.kr/data/15111405/fileData.do,false
poi_424,중앙고등학교,미확인,미확인,서울특별시 종로구 창덕궁길 164,37.5841440162,126.986850317,historical_official_match,https://www.data.go.kr/data/15111405/fileData.do,false
poi_480,한국가구박물관,미확인,미확인,서울특별시 성북구 대사관로 121,37.599858967,126.9930020876,historical_official_match,https://www.data.go.kr/data/15111405/fileData.do,false
poi_483,한복남 경복궁점,미확인,미확인,서울특별시 종로구 사직로 133-5,37.5762891312,126.9733212169,historical_official_match,https://www.data.go.kr/data/15111405/fileData.do,false
poi_548,국립극장,미확인,미확인,서울특별시 중구 장충단로 59,37.5527228971,126.9996333755,historical_official_match,https://www.data.go.kr/data/15111405/fileData.do,false
poi_555,국립현대미술관 덕수궁,미확인,미확인,서울특별시 중구 세종대로 99,37.5657876002,126.9748047119,historical_official_match,https://www.data.go.kr/data/15111405/fileData.do,false
curated:seoul:100885,국립현대미술관 서울,MMCA Seoul,国立現代美術館ソウル館,서울특별시 종로구 삼청로 30,37.5786280284849,126.980087994867,independent_multilingual_identity,https://culture.seoul.go.kr/culture/culture/cultureSpace/view.do?facCode=100885&menuNo=200025,false
curated:seoul:102409,대한민국역사박물관,National Museum of Korean Contemporary History,大韓民国歴史博物館,서울특별시 종로구 세종대로 198,37.5737136067193,126.978339442463,independent_multilingual_identity,https://culture.seoul.go.kr/culture/culture/cultureSpace/view.do?facCode=102409&menuNo=200025,false
curated:seoul:101632,서울공예박물관,Seoul Museum of Craft Art,ソウル工芸博物館,서울특별시 종로구 율곡로3길 4,37.5766481740232,126.983533363501,independent_multilingual_identity,https://culture.seoul.go.kr/culture/culture/cultureSpace/view.do?facCode=101632&menuNo=200025,false
poi_641,서울도서관,미확인,미확인,서울특별시 중구 세종대로 110,37.5665986816,126.9783710306,historical_official_match,https://www.data.go.kr/data/15111405/fileData.do,false
poi_697,아트선재센터,미확인,미확인,서울특별시 종로구 율곡로3길 87,37.5795166861,126.9818259058,historical_official_match,https://www.data.go.kr/data/15111405/fileData.do,false
poi_739,윤동주문학관,미확인,미확인,서울특별시 종로구 창의문로 119,37.5921816175,126.9671657723,historical_official_match,https://www.data.go.kr/data/15111405/fileData.do,false
curated:seoul:100293,전쟁기념관,The War Memorial of Korea,戦争記念館,서울특별시 용산구 이태원로 29,37.5373140468913,126.978466063237,independent_multilingual_identity,https://culture.seoul.go.kr/culture/culture/cultureSpace/view.do?facCode=100293&menuNo=200025,false
poi_880,장충체육관,미확인,미확인,서울특별시 중구 동호로 241,37.5582390522,127.0068047884,historical_official_match,https://www.data.go.kr/data/15111405/fileData.do,false
poi_1320,외포리선착장,미확인,미확인,인천광역시 강화군 내가면 해안서로 883,37.7005030581,126.3814523947,historical_official_match,https://www.data.go.kr/data/15111405/fileData.do,false
poi_1413,송도컨벤시아,미확인,미확인,인천광역시 연수구 센트럴로 123,37.3890356252,126.6461951621,historical_official_match,https://www.data.go.kr/data/15111405/fileData.do,false
poi_1427,인천서구문화회관,미확인,미확인,인천광역시 서구 서달로 190,37.5158048243,126.6799218995,historical_official_match,https://www.data.go.kr/data/15111405/fileData.do,false
poi_1865,마비정 벽화마을,미확인,미확인,대구광역시 달성군 화원읍 마비정길 262-5,35.7788098693,128.5416366092,historical_official_match,https://www.data.go.kr/data/15111405/fileData.do,false
poi_2041,대구오페라하우스,미확인,미확인,대구광역시 북구 호암로 15,35.8834739558,128.5922514697,historical_official_match,https://www.data.go.kr/data/15111405/fileData.do,false
poi_2057,수창청춘맨숀,미확인,미확인,대구광역시 중구 달성로22길 27,35.8754330454,128.5838718758,historical_official_match,https://www.data.go.kr/data/15111405/fileData.do,false
poi_2463,씨라이프부산아쿠아리움,미확인,미확인,부산광역시 해운대구 해운대해변로 266,35.159196575,129.1610328343,historical_official_match,https://www.data.go.kr/data/15111405/fileData.do,false
poi_2541,F1963,미확인,미확인,부산광역시 수영구 구락로123번길 20,35.1767854293,129.1155140878,historical_official_match,https://www.data.go.kr/data/15111405/fileData.do,false
poi_2582,부산시립미술관,미확인,미확인,부산광역시 해운대구 APEC로 58,35.1666980687,129.1370458254,historical_official_match,https://www.data.go.kr/data/15111405/fileData.do,false
poi_2811,울기등대,미확인,미확인,울산광역시 동구 등대로 155,35.49247561,129.4438267191,historical_official_match,https://www.data.go.kr/data/15111405/fileData.do,false
poi_3127,김포함상공원,미확인,미확인,경기도 김포시 대곶면 대명항1로 110-36,37.6400684369,126.5394646034,historical_official_match,https://www.data.go.kr/data/15111405/fileData.do,false
poi_3199,더그림,미확인,미확인,경기도 양평군 옥천면 사나사길 175,37.5291429919,127.4970804843,historical_official_match,https://www.data.go.kr/data/15111405/fileData.do,false
poi_3216,도성사,미확인,미확인,경기도 포천시 화현면 화동로 548-47,37.914161508,127.3121972416,historical_official_match,https://www.data.go.kr/data/15111405/fileData.do,false
poi_3242,두리랜드,미확인,미확인,경기도 양주시 장흥면 권율로 120,37.7251130744,126.9505440668,historical_official_match,https://www.data.go.kr/data/15111405/fileData.do,false
poi_3312,미사호수공원,미확인,미확인,경기도 하남시 망월동 739-1,37.5625084843,127.1876965295,historical_official_match,https://www.data.go.kr/data/15111405/fileData.do,false
poi_3397,쁘띠프랑스,미확인,미확인,경기도 가평군 청평면 호반로 1063,37.7153712493,127.4903145832,historical_official_match,https://www.data.go.kr/data/15111405/fileData.do,false
poi_3448,서후리숲,미확인,미확인,경기도 양평군 서종면 거북바위1길 200,37.5663707812,127.4301771507,historical_official_match,https://www.data.go.kr/data/15111405/fileData.do,false
poi_3451,석남사(안성),미확인,미확인,경기도 안성시 금광면 상촌새말길 3-120,36.9392410718,127.3070755134,historical_official_match,https://www.data.go.kr/data/15111405/fileData.do,false
poi_3488,소울원,미확인,미확인,경기도 파주시 탄현면 검산로 424-12,37.8059164575,126.7347420638,historical_official_match,https://www.data.go.kr/data/15111405/fileData.do,false
poi_3749,웃다리문화촌,미확인,미확인,경기도 평택시 서탄면 용소금각로 438-14,37.0688152323,127.0082989104,historical_official_match,https://www.data.go.kr/data/15111405/fileData.do,false
poi_3939,카포레,미확인,미확인,경기도 양평군 강하면 강남로 458,37.5057695729,127.4353895354,historical_official_match,https://www.data.go.kr/data/15111405/fileData.do,false
poi_4048,허브빌리지,미확인,미확인,경기도 연천군 왕징면 북삼로20번길 55,38.0887299628,127.0047841853,historical_official_match,https://www.data.go.kr/data/15111405/fileData.do,false
poi_4171,매향리평화역사관,미확인,미확인,경기도 화성시 우정읍 기아자동차로 199,37.0479994245,126.7634883258,historical_official_match,https://www.data.go.kr/data/15111405/fileData.do,false
poi_4175,모란미술관,미확인,미확인,경기도 남양주시 화도읍 경춘로2110번길 8,37.6510506712,127.3237566057,historical_official_match,https://www.data.go.kr/data/15111405/fileData.do,false
poi_4216,소다미술관,미확인,미확인,경기도 화성시 효행로707번길 30,37.2016720536,127.006103756,historical_official_match,https://www.data.go.kr/data/15111405/fileData.do,false
poi_4338,킨텍스,미확인,미확인,경기도 고양시 일산서구 킨텍스로 217-60,37.6689909419,126.7455782754,historical_official_match,https://www.data.go.kr/data/15111405/fileData.do,false
poi_4357,한강뮤지엄,미확인,미확인,경기도 남양주시 와부읍 경강로926번길 30,37.5534937521,127.2366895528,historical_official_match,https://www.data.go.kr/data/15111405/fileData.do,false
poi_4364,한국소리터,미확인,미확인,경기도 평택시 현덕면 평택호길 147,36.9212584984,126.9208719893,historical_official_match,https://www.data.go.kr/data/15111405/fileData.do,false
poi_4560,두리캠핑장,미확인,미확인,경기도 여주시 흥천면 이여로 778-10,37.3543911948,127.5070596079,historical_official_match,https://www.data.go.kr/data/15111405/fileData.do,false
poi_4782,수원월드컵경기장,미확인,미확인,경기도 수원시 팔달구 월드컵로 310,37.2865822176,127.0369291446,historical_official_match,https://www.data.go.kr/data/15111405/fileData.do,false
poi_4803,스피드파크,미확인,미확인,경기도 파주시 파평면 청송로652번길 42-191,37.9360814993,126.871623031,historical_official_match,https://www.data.go.kr/data/15111405/fileData.do,false
poi_4906,와이글램핑,미확인,미확인,경기도 양평군 용문면 강이대길38번길 26-37,37.526915065,127.6261188446,historical_official_match,https://www.data.go.kr/data/15111405/fileData.do,false
poi_5108,폴라데이 캠핑장,미확인,미확인,경기도 포천시 군내면 선정비로 58,37.8871156693,127.215531861,historical_official_match,https://www.data.go.kr/data/15111405/fileData.do,false
poi_5266,롤링힐스호텔,미확인,미확인,경기도 화성시 남양읍 시청로 290,37.1901676368,126.8387609237,historical_official_match,https://www.data.go.kr/data/15111405/fileData.do,false
poi_7790,수암골 벽화마을,미확인,미확인,충청북도 청주시 상당구 수암로 58,36.6472835628,127.4943001085,historical_official_match,https://www.data.go.kr/data/15111405/fileData.do,false
poi_7874,옥천성당,미확인,미확인,충청북도 옥천군 옥천읍 중앙로 91,36.304999134,127.5711498545,historical_official_match,https://www.data.go.kr/data/15111405/fileData.do,false
poi_7877,온달관광지,미확인,미확인,충청북도 단양군 영춘면 온달로 23,37.0632486092,128.4915183165,historical_official_match,https://www.data.go.kr/data/15111405/fileData.do,false
poi_8024,청풍호반케이블카,미확인,미확인,충청북도 제천시 청풍면 문화재길 166,37.0013135287,128.1668019964,historical_official_match,https://www.data.go.kr/data/15111405/fileData.do,false
poi_8161,운보의 집,미확인,미확인,충청북도 청주시 청원구 내수읍 형동2길 92-41,36.6919213789,127.5650536346,historical_official_match,https://www.data.go.kr/data/15111405/fileData.do,false
poi_8578,기지포해수욕장,미확인,미확인,충청남도 태안군 안면읍 해안관광로 745-19,36.5627783257,126.3223634527,historical_official_match,https://www.data.go.kr/data/15111405/fileData.do,false
poi_8855,스플라스 리솜,미확인,미확인,충청남도 예산군 덕산면 온천단지3로 45-7,36.6938522986,126.6558381966,historical_official_match,https://www.data.go.kr/data/15111405/fileData.do,false
poi_8862,신성리 갈대밭,미확인,미확인,충청남도 서천군 한산면 신성리 125-1,36.0677915439,126.8610335349,historical_official_match,https://www.data.go.kr/data/15111405/fileData.do,false
poi_8864,신원사,미확인,미확인,충청남도 공주시 계룡면 신원사동길 1,36.3355165551,127.1839253154,historical_official_match,https://www.data.go.kr/data/15111405/fileData.do,false
poi_8950,온빛자연휴양림,미확인,미확인,충청남도 논산시 벌곡면 황룡재로 480-113,36.2028634872,127.2525505133,historical_official_match,https://www.data.go.kr/data/15111405/fileData.do,false
poi_9197,당진문예의전당,미확인,미확인,충청남도 당진시 무수동2길 25-21,36.8897210609,126.6374540424,historical_official_match,https://www.data.go.kr/data/15111405/fileData.do,false
poi_9698,고산정,미확인,미확인,경상북도 안동시 도산면 가송길 177-42,36.7677123066,128.892180155,historical_official_match,https://www.data.go.kr/data/15111405/fileData.do,false
poi_9878,만휴정,미확인,미확인,경상북도 안동시 길안면 묵계하리길 42,36.4104672838,128.9098612387,historical_official_match,https://www.data.go.kr/data/15111405/fileData.do,false
poi_9984,사방기념공원,미확인,미확인,경상북도 포항시 북구 흥해읍 해안로 1801,36.1647988702,129.3956672013,historical_official_match,https://www.data.go.kr/data/15111405/fileData.do,false
poi_10569,대가야문화누리,미확인,미확인,경상북도 고령군 대가야읍 왕릉로 30,35.7236165865,128.2631154387,historical_official_match,https://www.data.go.kr/data/15111405/fileData.do,false
poi_10635,이육사문학관,미확인,미확인,경상북도 안동시 도산면 백운로 525,36.7387789537,128.8633335711,historical_official_match,https://www.data.go.kr/data/15111405/fileData.do,false
poi_10656,한국대중음악박물관,미확인,미확인,경상북도 경주시 엑스포로 9,35.8403557397,129.2888914842,historical_official_match,https://www.data.go.kr/data/15111405/fileData.do,false
poi_11100,옥연정사,미확인,미확인,경상북도 안동시 풍천면 광덕솔밭길 86,36.5433753219,128.5180060538,historical_official_match,https://www.data.go.kr/data/15111405/fileData.do,false
poi_11444,두모마을,미확인,미확인,경상남도 남해군 상주면 양아로533번길 18,34.7339780123,127.9553741638,historical_official_match,https://www.data.go.kr/data/15111405/fileData.do,false
poi_12102,흥남해수욕장,미확인,미확인,경상남도 거제시 장목면 흥남길 46,34.9599940242,128.7149048188,historical_official_match,https://www.data.go.kr/data/15111405/fileData.do,false
poi_15194,3917마중,미확인,미확인,전라남도 나주시 향교길 42-16,35.0333369927,126.710853737,historical_official_match,https://www.data.go.kr/data/15111405/fileData.do,false
poi_15251,김녕미로공원,미확인,미확인,제주특별자치도 제주시 구좌읍 만장굴길 122,33.5363247299,126.7720396084,historical_official_match,https://www.data.go.kr/data/15111405/fileData.do,false
poi_15322,방주교회,미확인,미확인,제주특별자치도 서귀포시 안덕면 산록남로762번길 113,33.3051886051,126.3877920933,historical_official_match,https://www.data.go.kr/data/15111405/fileData.do,false
poi_15409,소노캄 제주,미확인,미확인,제주특별자치도 서귀포시 표선면 일주동로 6347-17,33.3060421741,126.7929069544,historical_official_match,https://www.data.go.kr/data/15111405/fileData.do,false
poi_15449,아쿠아플라넷 제주,미확인,미확인,제주특별자치도 서귀포시 성산읍 섭지코지로 95,33.4328331325,126.9278590339,historical_official_match,https://www.data.go.kr/data/15111405/fileData.do,false
poi_15564,제주양떼목장,미확인,미확인,제주특별자치도 제주시 애월읍 도치돌길 289-13,33.4113820644,126.3652277862,historical_official_match,https://www.data.go.kr/data/15111405/fileData.do,false
poi_15633,협재해수욕장,미확인,미확인,제주특별자치도 제주시 한림읍 한림로 329-10,33.393776477,126.239441896,historical_official_match,https://www.data.go.kr/data/15111405/fileData.do,false
poi_15642,환상숲곶자왈공원,미확인,미확인,제주특별자치도 제주시 한경면 녹차분재로 594-1,33.322431959,126.262930332,historical_official_match,https://www.data.go.kr/data/15111405/fileData.do,false
poi_15675,아르떼뮤지엄 제주,미확인,미확인,제주특별자치도 제주시 애월읍 어림비로 478,33.3967250327,126.3449882076,historical_official_match,https://www.data.go.kr/data/15111405/fileData.do,false
poi_15833,롯데호텔 제주,미확인,미확인,제주특별자치도 서귀포시 중문관광로72번길 35,33.2487146442,126.4105247144,historical_official_match,https://www.data.go.kr/data/15111405/fileData.do,false
media_2023_1596,마돈,미확인,미확인,제주특별자치도 서귀포시 성산읍 섭지코지로 56,33.437499,126.921871,historical_official_match,https://www.data.go.kr/data/15111405/fileData.do,false
media_2023_1597,연세대 미래캠퍼스,미확인,미확인,강원도 원주시 흥업면 연세대길 1,37.2793642,127.9015352,historical_official_match,https://www.data.go.kr/data/15111405/fileData.do,false
media_2023_1598,남양주별내휴게소,미확인,미확인,경기도 남양주시 별내면 구리포천고속도로 14,37.691296,127.130127,historical_official_match,https://www.data.go.kr/data/15111405/fileData.do,false
media_2023_1599,해와달수상글램핑,미확인,미확인,경기도 포천시 관인면 냉정리 232-38,38.171679,127.275967,historical_official_match,https://www.data.go.kr/data/15111405/fileData.do,false
media_2023_1601,어니언 성수,미확인,미확인,서울특별시 성동구 아차산로9길 8,37.544699,127.058206,historical_official_match,https://www.data.go.kr/data/15111405/fileData.do,false
media_2023_1602,롯데월드,미확인,미확인,서울특별시 송파구 올림픽로 240,37.5112601,127.097998,historical_official_match,https://www.data.go.kr/data/15111405/fileData.do,false
media_2023_1603,양양 지중해풀빌라 펜션,미확인,미확인,강원도 양양군 서면 남대천로 917-12,38.017374,128.619408,historical_official_match,https://www.data.go.kr/data/15111405/fileData.do,false
media_2023_1605,국립아시아문화전당 하늘마당,미확인,미확인,광주광역시 동구 문화전당로 38,35.148844,126.921423,historical_official_match,https://www.data.go.kr/data/15111405/fileData.do,false
media_2023_1606,고수닭갈비 충장점,미확인,미확인,광주광역시 동구 중앙로 160번길 16-4,35.147228,126.914446,historical_official_match,https://www.data.go.kr/data/15111405/fileData.do,false
media_2023_1607,궁전제과 충장점,미확인,미확인,광주광역시 동구 충장로 93-6,35.147701,126.917662,historical_official_match,https://www.data.go.kr/data/15111405/fileData.do,false
media_2023_1608,감천문화마을,미확인,미확인,부산광역시 사하구 감내2로 203,35.097412,129.010584,historical_official_match,https://www.data.go.kr/data/15111405/fileData.do,false
media_2023_1609,광안리해수욕장,미확인,미확인,부산광역시 수영구 광안해변로 219,35.153308,129.118862,historical_official_match,https://www.data.go.kr/data/15111405/fileData.do,false
media_2023_1610,삼송초밥,미확인,미확인,부산광역시 중구 광복로 55번길 13,35.099709,129.029893,historical_official_match,https://www.data.go.kr/data/15111405/fileData.do,false
media_2023_1611,국제시장,미확인,미확인,부산광역시 중구 국제시장 2길 25,35.101577,129.028302,historical_official_match,https://www.data.go.kr/data/15111405/fileData.do,false
media_2023_1612,국제통닭 부평본점,미확인,미확인,부산광역시 중구 중구로 47번길 33-1,35.102181,129.026039,historical_official_match,https://www.data.go.kr/data/15111405/fileData.do,false
media_2023_1613,해운대 해수욕장,미확인,미확인,부산광역시 해운대구 우동,35.158647,129.160365,historical_official_match,https://www.data.go.kr/data/15111405/fileData.do,false
media_2023_1614,북서울 꿈의 숲,미확인,미확인,서울특별시 강북구 월계로 173,37.62228,127.03987,historical_official_match,https://www.data.go.kr/data/15111405/fileData.do,false
media_2023_1616,소설여행,미확인,미확인,전라북도 군산시 월명로 516-1,35.985864,126.704816,historical_official_match,https://www.data.go.kr/data/15111405/fileData.do,false
media_2023_1617,전주한옥마을,미확인,미확인,전라북도 전주시 완산구 기린대로 99,35.81579,127.153349,historical_official_match,https://www.data.go.kr/data/15111405/fileData.do,false
media_2023_1618,경기전,미확인,미확인,전라북도 전주시 완산구 태조로 44,35.815488,127.149771,historical_official_match,https://www.data.go.kr/data/15111405/fileData.do,false
media_2023_1619,전동성당,미확인,미확인,전라북도 전주시 완산구 태조로 51,35.813336,127.149262,historical_official_match,https://www.data.go.kr/data/15111405/fileData.do,false
media_2023_1620,유채꽃재배단지,미확인,미확인,제주특별자치도 서귀포시 성산읍 고성리 270,33.444576,126.909503,historical_official_match,https://www.data.go.kr/data/15111405/fileData.do,false
media_2023_1622,일산칼국수,미확인,미확인,경기도 고양시 일산동구 경의로 467,37.670463,126.786098,historical_official_match,https://www.data.go.kr/data/15111405/fileData.do,false
media_2023_1623,일산호수공원,미확인,미확인,경기도 고양시 일산동구 호수로 731,37.658769,126.76252,historical_official_match,https://www.data.go.kr/data/15111405/fileData.do,false
media_2023_1624,볼베어파크 부천점,미확인,미확인,경기도 부천시 조마루로 2 웅진플레이도시 2층,37.500122,126.744211,historical_official_match,https://www.data.go.kr/data/15111405/fileData.do,false
media_2023_1625,곰솔마루,미확인,미확인,경기도 안성시 삼죽면 국사봉로 747,37.063019,127.369871,historical_official_match,https://www.data.go.kr/data/15111405/fileData.do,false
media_2023_1626,맛짱떡볶이,미확인,미확인,서울특별시 강남구 강남대로122길 17,37.508208,127.024418,historical_official_match,https://www.data.go.kr/data/15111405/fileData.do,false
media_2023_1627,마치래빗 샐러드 신사동가로수길본점,미확인,미확인,서울특별시 강남구 논현로153길 45,37.520293,127.024517,historical_official_match,https://www.data.go.kr/data/15111405/fileData.do,false
media_2023_1629,청담갯벌장어,미확인,미확인,서울특별시 강남구 영동대로142길 29,37.525319,127.055686,historical_official_match,https://www.data.go.kr/data/15111405/fileData.do,false
media_2023_1630,버거그루72,미확인,미확인,서울특별시 용산구 한강대로 100,37.529244,126.968604,historical_official_match,https://www.data.go.kr/data/15111405/fileData.do,false
media_2023_1631,이화포차,미확인,미확인,서울특별시 종로구 율곡로14길 18,37.575155,127.00288,historical_official_match,https://www.data.go.kr/data/15111405/fileData.do,false
media_2023_1632,배롱개,미확인,미확인,제주특별자치도 제주시 구좌읍 월정리 648,33.557781,126.79454,historical_official_match,https://www.data.go.kr/data/15111405/fileData.do,false
media_2023_1633,무거버거,미확인,미확인,제주특별자치도 제주시 조천읍 조함해안로 356,33.549008,126.655131,historical_official_match,https://www.data.go.kr/data/15111405/fileData.do,false
media_2023_1634,화정왕족발,미확인,미확인,경기도 고양시 덕양구 화정로 65 한화오벨리스크,37.634711,126.833569,historical_official_match,https://www.data.go.kr/data/15111405/fileData.do,false
media_2023_1635,제주하영 본점,미확인,미확인,경기도 고양시 일산동구 동국로 157,37.684915,126.806089,historical_official_match,https://www.data.go.kr/data/15111405/fileData.do,false
media_2023_1636,홍일본요리,미확인,미확인,경기도 고양시 일산서구 주엽로 80 일상호수공원가로수길 C동 2층 219호,37.666207,126.756383,historical_official_match,https://www.data.go.kr/data/15111405/fileData.do,false
media_2023_1637,원조다래솥뚜껑,미확인,미확인,경기도 동두천시 삼육사로 980,37.8988719,127.0586356,historical_official_match,https://www.data.go.kr/data/15111405/fileData.do,false
media_2023_1638,마이니치라멘,미확인,미확인,서울특별시 강남구 언주로 115길 15,37.509875,127.035475,historical_official_match,https://www.data.go.kr/data/15111405/fileData.do,false
media_2023_1639,오레노라멘 본점,미확인,미확인,서울특별시 마포구 독막로 6길 14,37.547454,126.917328,historical_official_match,https://www.data.go.kr/data/15111405/fileData.do,false
media_2023_1640,세상끝의 라멘,미확인,미확인,서울특별시 마포구 양화로 7길 6-5,37.551517,126.915208,historical_official_match,https://www.data.go.kr/data/15111405/fileData.do,false
media_2023_1641,중화복춘 골드동교점,미확인,미확인,서울특별시 마포구 월드컵북로 6길 42,37.558721,126.920776,historical_official_match,https://www.data.go.kr/data/15111405/fileData.do,false
media_2023_1642,잇텐고,미확인,미확인,서울특별시 마포구 포은로 11,37.549224,126.909212,historical_official_match,https://www.data.go.kr/data/15111405/fileData.do,false
media_2023_1643,굴대박&초계국수,미확인,미확인,서울특별시 서대문구 독립문로 66-1,37.567259,126.963822,historical_official_match,https://www.data.go.kr/data/15111405/fileData.do,false
media_2023_1644,무악동 봉수대,미확인,미확인,서울특별시 서대문구 신촌동 산1,37.577062,126.947171,historical_official_match,https://www.data.go.kr/data/15111405/fileData.do,false
media_2023_1645,당산오돌 본점,미확인,미확인,서울특별시 영등포구 국회대로 37길 6,37.527524,126.899739,historical_official_match,https://www.data.go.kr/data/15111405/fileData.do,false
media_2023_1646,깔리,미확인,미확인,서울특별시 종로구 대학로11길 43 명륜4가 171번지 2층,37.582432,126.999305,historical_official_match,https://www.data.go.kr/data/15111405/fileData.do,false
media_2023_1647,미갈매기살,미확인,미확인,서울특별시 종로구 돈화문로 11가길 7,37.57297,126.991062,historical_official_match,https://www.data.go.kr/data/15111405/fileData.do,false
media_2023_1648,청계천,미확인,미확인,서울특별시 종로구 서린동 148,37.569205,126.97791,historical_official_match,https://www.data.go.kr/data/15111405/fileData.do,false
media_2023_1650,덕수궁,미확인,미확인,서울특별시 중구 세종대로 99,37.565924,126.97501,historical_official_match,https://www.data.go.kr/data/15111405/fileData.do,false
media_2023_1651,석산장,미확인,미확인,충청남도 천안시 동남구 문화로 30,36.810207,127.151779,historical_official_match,https://www.data.go.kr/data/15111405/fileData.do,false
media_2023_1652,오엔,미확인,미확인,서울특별시 강남구 압구정로11길 37-30,37.527754,127.019479,historical_official_match,https://www.data.go.kr/data/15111405/fileData.do,false
media_2023_1653,모퉁이집,미확인,미확인,경기도 평택시 원평2로27번길 3,36.9905644,127.0794287,historical_official_match,https://www.data.go.kr/data/15111405/fileData.do,false
media_2023_1654,펭귄요리공장,미확인,미확인,경상북도 구미시 인동중앙로5길 28,36.1091517,128.4182555,historical_official_match,https://www.data.go.kr/data/15111405/fileData.do,false
media_2023_1655,윤옥연할매떡볶이 본점,미확인,미확인,대구광역시 수성구 들안로77길 11,35.8645246,128.614838,historical_official_match,https://www.data.go.kr/data/15111405/fileData.do,false
media_2023_1656,알베르,미확인,미확인,서울특별시 강남구 강남대로102길 34,37.682245,126.792136,historical_official_match,https://www.data.go.kr/data/15111405/fileData.do,false
media_2023_1657,오래도록 예쁘다,미확인,미확인,서울특별시 강남구 언주로106길 7,37.5078372,127.038169,historical_official_match,https://www.data.go.kr/data/15111405/fileData.do,false
media_2023_1658,EGO,미확인,미확인,서울특별시 마포구 양화로8길 32-17,37.5289429,126.7807824,historical_official_match,https://www.data.go.kr/data/15111405/fileData.do,false
media_2023_1659,글로우,미확인,미확인,서울특별시 성동구 아차산로9길 20 1층,37.5458651,127.0564931,historical_official_match,https://www.data.go.kr/data/15111405/fileData.do,false
media_2023_1660,디아날로그,미확인,미확인,서울특별시 영등포구 영신로40길 5,37.5214882,126.8998273,historical_official_match,https://www.data.go.kr/data/15111405/fileData.do,false
media_2023_1663,ASAP피어싱전문샵,미확인,미확인,경기도 구리시 검배로6번길 14 1층,37.600224,127.140749,historical_official_match,https://www.data.go.kr/data/15111405/fileData.do,false
media_2023_1664,트랩코리아 대구월성점,미확인,미확인,대구광역시 달서구 조암로 24,35.830235,128.61937,historical_official_match,https://www.data.go.kr/data/15111405/fileData.do,false
media_2023_1666,재미난 조각가,미확인,미확인,서울특별시 강남구 선릉로 155길 13-2,37.525176,127.03833,historical_official_match,https://www.data.go.kr/data/15111405/fileData.do,false
media_2023_1667,볼트 82,미확인,미확인,서울특별시 강남구 압구정로 72길 22,37.525003,127.045026,historical_official_match,https://www.data.go.kr/data/15111405/fileData.do,false
media_2023_1668,별양집,미확인,미확인,서울특별시 강남구 테헤란로 43길 17,37.504319,127.043662,historical_official_match,https://www.data.go.kr/data/15111405/fileData.do,false
media_2023_1670,팔당족발,미확인,미확인,서울특별시 강남구 학동로 45길 7,37.516763,127.037836,historical_official_match,https://www.data.go.kr/data/15111405/fileData.do,false
media_2023_1672,카페 장쌤,미확인,미확인,서울특별시 마포구 와우산로 29마길 5,37.555722,126.926825,historical_official_match,https://www.data.go.kr/data/15111405/fileData.do,false
media_2023_1673,홍대소품,미확인,미확인,서울특별시 마포구 와우산로26길 66 1층,37.553343,126.928551,historical_official_match,https://www.data.go.kr/data/15111405/fileData.do,false
media_2023_1674,개화,미확인,미확인,서울특별시 서초구 동작대로 86 동주빌딩,37.484214,126.982409,historical_official_match,https://www.data.go.kr/data/15111405/fileData.do,false
media_2023_1675,프루스트의 서재,미확인,미확인,서울특별시 성동구 무수막길 56,37.551217,127.021947,historical_official_match,https://www.data.go.kr/data/15111405/fileData.do,false
media_2023_1676,오토김밥 본점,미확인,미확인,서울특별시 용산구 녹사평대로26길 93 스페이스소마빌딩 1층,37.531566,126.994663,historical_official_match,https://www.data.go.kr/data/15111405/fileData.do,false
media_2023_1677,메밀꽃필무렵,미확인,미확인,강원도 평창군 봉평면 이효석길 33-11,37.610965,128.360566,historical_official_match,https://www.data.go.kr/data/15111405/fileData.do,false
media_2023_1678,디바인 리조트,미확인,미확인,강원도 홍천군 남면 위안터길 77-12,37.682707,127.763677,historical_official_match,https://www.data.go.kr/data/15111405/fileData.do,false
media_2023_1679,지노카페,미확인,미확인,경기도 파주시 탄현면 새오리로 211-31,37.800985,126.686346,historical_official_match,https://www.data.go.kr/data/15111405/fileData.do,false
media_2023_1680,뉴서울갈비,미확인,미확인,경상북도 안동시 음식의길 10,36.5635529,128.731956,historical_official_match,https://www.data.go.kr/data/15111405/fileData.do,false
media_2023_1681,녹양구이 두산동점,미확인,미확인,대구광역시 수성구 무학로 17길 21,35.830411,128.617901,historical_official_match,https://www.data.go.kr/data/15111405/fileData.do,false
media_2023_1683,메이다이닝,미확인,미확인,서울특별시 도봉구 도봉로 169길 208,37.677845,127.035019,historical_official_match,https://www.data.go.kr/data/15111405/fileData.do,false
media_2023_1684,타로카페 썸,미확인,미확인,서울특별시 서대문구 연세로 5나길 6,37.556969,126.935883,historical_official_match,https://www.data.go.kr/data/15111405/fileData.do,false
media_2023_1685,남산예술원웨딩홀,미확인,미확인,서울특별시 용산구 소월로 375,37.5447,127.0004,historical_official_match,https://www.data.go.kr/data/15111405/fileData.do,false
media_2023_1686,모녀꼬마마약김밥,미확인,미확인,서울특별시 종로구 동호로 403-23,37.570621,127.000545,historical_official_match,https://www.data.go.kr/data/15111405/fileData.do,false
media_2023_1687,원조 순희네 빈대떡,미확인,미확인,서울특별시 종로구 종로32길 5,37.570597,127.000711,historical_official_match,https://www.data.go.kr/data/15111405/fileData.do,false
media_2023_1688,송돗골,미확인,미확인,인천광역시 연수구 앵고개로 103번길 15,37.413587,126.657591,historical_official_match,https://www.data.go.kr/data/15111405/fileData.do,false
media_2023_1689,사승봉도 해변 야영지,미확인,미확인,인천광역시 옹진군 자월면 승봉로 1010,35.179685,127.480611,historical_official_match,https://www.data.go.kr/data/15111405/fileData.do,false
media_2023_1690,인천 차이나타운,미확인,미확인,인천광역시 중구 차이나타운로 59번길 12,37.476465,126.618201,historical_official_match,https://www.data.go.kr/data/15111405/fileData.do,false
media_2023_1691,죽도 해수욕장,미확인,미확인,강원도 양양군 현남면,37.974223,128.75993,historical_official_match,https://www.data.go.kr/data/15111405/fileData.do,false
media_2023_1692,양양서핑 모쿠서프,미확인,미확인,강원도 양양군 현남면 인구중앙길 95-1,37.973111,128.759165,historical_official_match,https://www.data.go.kr/data/15111405/fileData.do,false
media_2023_1693,야들리애치킨 중동위브점,미확인,미확인,경기도 부천시 신흥로 150,37.497713,126.778189,historical_official_match,https://www.data.go.kr/data/15111405/fileData.do,false
media_2023_1694,징관청훠궈 가로수길점,미확인,미확인,서울특별시 강남구 강남대로 156길 35,37.518929,127.021841,historical_official_match,https://www.data.go.kr/data/15111405/fileData.do,false
media_2023_1695,양철지붕 본점,미확인,미확인,서울특별시 강남구 도산대로 17길 4,37.518966,127.025124,historical_official_match,https://www.data.go.kr/data/15111405/fileData.do,false
media_2023_1696,소성공자 샤브샤브,미확인,미확인,서울특별시 광진구 동일로18길 17,37.5399168,127.063886,historical_official_match,https://www.data.go.kr/data/15111405/fileData.do,false
media_2023_1698,공화춘,미확인,미확인,인천광역시 중구 차이나타운로 43,37.475379,126.619541,historical_official_match,https://www.data.go.kr/data/15111405/fileData.do,false
media_2023_1699,돈사촌 외도점,미확인,미확인,제주특별자치도 제주시 우평로 283,33.482314,126.439972,historical_official_match,https://www.data.go.kr/data/15111405/fileData.do,false
media_2023_1700,남이섬,미확인,미확인,강원도 춘천시 남산면 남이섬길 1,37.789935,127.52581,historical_official_match,https://www.data.go.kr/data/15111405/fileData.do,false
media_2023_1701,브릿지짚라인,미확인,미확인,경기도 가평군 가평읍 경반리 산151,37.834111,127.467556,historical_official_match,https://www.data.go.kr/data/15111405/fileData.do,false
media_2023_1702,음악역1939,미확인,미확인,경기도 가평군 가평읍 대곡리 174-3,37.824157,127.513239,historical_official_match,https://www.data.go.kr/data/15111405/fileData.do,false
media_2023_1703,KTOPLAND,미확인,미확인,경기도 가평군 가평읍 북한강변로 1044-15,37.806021,127.526075,historical_official_match,https://www.data.go.kr/data/15111405/fileData.do,false
media_2023_1704,롯데시네마 브로드웨이,미확인,미확인,서울특별시 강남구 도산대로 118,37.516574,127.021744,historical_official_match,https://www.data.go.kr/data/15111405/fileData.do,false
media_2023_1705,김록훈 베이커리,미확인,미확인,서울특별시 강남구 도산대로8길 23,37.51539,127.022599,historical_official_match,https://www.data.go.kr/data/15111405/fileData.do,false
media_2023_1706,퍼니랜드,미확인,미확인,서울특별시 마포구 어울마당로 46-1,37.549144,126.920989,historical_official_match,https://www.data.go.kr/data/15111405/fileData.do,false
media_2023_1707,수노래연습장 럭셔리 홍대점,미확인,미확인,서울특별시 마포구 어울마당로 67,37.551119,126.921113,historical_official_match,https://www.data.go.kr/data/15111405/fileData.do,false
media_2023_1708,신두리 해수욕장,미확인,미확인,충청남도 태안군 원북면 신두해변길 201-54,36.845289,126.196708,historical_official_match,https://www.data.go.kr/data/15111405/fileData.do,false
media_2023_1709,교토가츠규 삼성오크우드점,미확인,미확인,서울특별시 강남구 봉은사로 524,37.512502,127.058796,historical_official_match,https://www.data.go.kr/data/15111405/fileData.do,false
media_2023_1710,유가네닭갈비 강남역점,미확인,미확인,서울특별시 강남구 역삼동 강남대로 438 스타플렉스 503호,37.501512,127.026417,historical_official_match,https://www.data.go.kr/data/15111405/fileData.do,false
media_2023_1711,남녀공학,미확인,미확인,서울특별시 서초구 방배동 서초대로27길 56,37.490494,126.993637,historical_official_match,https://www.data.go.kr/data/15111405/fileData.do,false
media_2023_1712,서부감자국,미확인,미확인,서울특별시 은평구 서오릉로 8,37.6022197,126.9269244,historical_official_match,https://www.data.go.kr/data/15111405/fileData.do,false
media_2023_1713,칠오닭갈비 본점,미확인,미확인,경기도 가평군 상면 수목원로 68,37.768953,127.368745,historical_official_match,https://www.data.go.kr/data/15111405/fileData.do,false
media_2023_1714,선셋무드 (구 주다방),미확인,미확인,경기도 부천시 까치로 6번길 17-3,37.507124,126.809206,historical_official_match,https://www.data.go.kr/data/15111405/fileData.do,false
media_2023_1715,영동교집 위례직영점,미확인,미확인,경기도 성남시 수정구 위례서일로1길 3-12 1층,33.5416012,126.6654291,historical_official_match,https://www.data.go.kr/data/15111405/fileData.do,false
media_2023_1716,칙피스,미확인,미확인,서울특별시 강남구 강남대로 152길 69,37.519088,127.024705,historical_official_match,https://www.data.go.kr/data/15111405/fileData.do,false
media_2023_1717,에이커스,미확인,미확인,서울특별시 강남구 도산대로 17길 30,37.520672,127.024313,historical_official_match,https://www.data.go.kr/data/15111405/fileData.do,false
media_2023_1718,대막,미확인,미확인,"서울특별시 강남구 압구정로 46길 75,1층",37.523801,127.036753,historical_official_match,https://www.data.go.kr/data/15111405/fileData.do,false
media_2023_1719,란수사,미확인,미확인,서울특별시 강남구 언주로93길 14-3,37.503898,127.040588,historical_official_match,https://www.data.go.kr/data/15111405/fileData.do,false
media_2023_1722,선비네,미확인,미확인,서울특별시 영등포구 영중로20길 4,37.521087,126.905987,historical_official_match,https://www.data.go.kr/data/15111405/fileData.do,false
media_2023_1723,화로 이태원점,미확인,미확인,서울특별시 용산구 이태원로27가길 51,37.534759,126.992357,historical_official_match,https://www.data.go.kr/data/15111405/fileData.do,false
media_2023_1724,떠돌이식객 제주섭지코지본점,미확인,미확인,제주특별자치도 서귀포시 성산읍 신고로22번길 37,33.436949,126.920854,historical_official_match,https://www.data.go.kr/data/15111405/fileData.do,false
media_2023_1726,백남준아트센터,미확인,미확인,경기도 용인시 기흥구 백남준로 10,37.269256,127.110448,historical_official_match,https://www.data.go.kr/data/15111405/fileData.do,false
media_2023_1727,터알,미확인,미확인,경기도 용인시 기흥구 흥덕4로 22,37.273413,127.09103,historical_official_match,https://www.data.go.kr/data/15111405/fileData.do,false
media_2023_1728,플라이스테이션코리아,미확인,미확인,경기도 용인시 처인구 포곡읍 성산로 521,37.280874,127.199731,historical_official_match,https://www.data.go.kr/data/15111405/fileData.do,false
media_2023_1729,설봉공원,미확인,미확인,경기도 이천시 경충대로2709번길 128,37.2766061,127.4266286,historical_official_match,https://www.data.go.kr/data/15111405/fileData.do,false
media_2023_1730,클럽300롤러,미확인,미확인,광주광역시 서구 시청로 67 프리미엄아울렛2층,35.179424,126.810937,historical_official_match,https://www.data.go.kr/data/15111405/fileData.do,false
media_2023_1732,조이전농프라자,미확인,미확인,서울특별시 동대문구 서울시립대로 36 옥상,37.574548,127.04691,historical_official_match,https://www.data.go.kr/data/15111405/fileData.do,false
media_2023_1733,홍일품간장게장,미확인,미확인,서울특별시 마포구 독막로 47-1,37.548045,126.918695,historical_official_match,https://www.data.go.kr/data/15111405/fileData.do,false
media_2023_1734,거북이집,미확인,미확인,서울특별시 서대문구 연희맛로 12-1,37.56624,126.929337,historical_official_match,https://www.data.go.kr/data/15111405/fileData.do,false
media_2023_1735,삼청동 코리아게스트 하우스,미확인,미확인,서울특별시 종로구 삼청로4길 12-1,37.581949,126.98208,historical_official_match,https://www.data.go.kr/data/15111405/fileData.do,false
media_2023_1738,동피랑 벽화마을,미확인,미확인,경상남도 통영시 동피랑1길 6-18,34.845641,128.427523,historical_official_match,https://www.data.go.kr/data/15111405/fileData.do,false
media_2023_1739,진골목식당,미확인,미확인,대구광역시 중구 진골목길 9-1,35.868054,128.592223,historical_official_match,https://www.data.go.kr/data/15111405/fileData.do,false
media_2023_1742,곱 마포점,미확인,미확인,서울특별시 마포구 도화길 31-1,37.5410215,126.9493516,historical_official_match,https://www.data.go.kr/data/15111405/fileData.do,false
media_2023_1744,경의선숲길공원,미확인,미확인,서울특별시 마포구 연남동 연남로 80,37.5661595,126.919015,historical_official_match,https://www.data.go.kr/data/15111405/fileData.do,false
media_2023_1745,담소,미확인,미확인,서울특별시 마포구 와우산로27길 26,37.554397,126.92704,historical_official_match,https://www.data.go.kr/data/15111405/fileData.do,false
media_2023_1746,시골김치삼겹살,미확인,미확인,서울특별시 마포구 월드컵로 110 1층,37.558348,126.908318,historical_official_match,https://www.data.go.kr/data/15111405/fileData.do,false
media_2023_1747,광합성카페,미확인,미확인,서울특별시 마포구 월드컵로19길 8,37.557065,126.908431,historical_official_match,https://www.data.go.kr/data/15111405/fileData.do,false
media_2023_1749,수색역,미확인,미확인,서울특별시 은평구 수색로 261-1,37.580851,126.89568,historical_official_match,https://www.data.go.kr/data/15111405/fileData.do,false
media_2023_1750,순천드라마촬영장,미확인,미확인,전라남도 순천시 비례골길 24,34.957729,127.53832,historical_official_match,https://www.data.go.kr/data/15111405/fileData.do,false
media_2023_1751,봄날,미확인,미확인,제주특별자치도 제주시 애월읍 애월로1길 25,33.462462,126.309591,historical_official_match,https://www.data.go.kr/data/15111405/fileData.do,false
media_2023_1756,장수촌,미확인,미확인,경기도 용인시 수지구 성복2로 412,37.32305,127.0454,historical_official_match,https://www.data.go.kr/data/15111405/fileData.do,false
media_2023_1764,경주월드,미확인,미확인,경상북도 경주시 보문로 544,35.835594,129.282884,historical_official_match,https://www.data.go.kr/data/15111405/fileData.do,false
media_2023_1768,아소다이닝,미확인,미확인,대구광역시 수성구 달구벌대로496길 29,35.856198,128.634104,historical_official_match,https://www.data.go.kr/data/15111405/fileData.do,false
media_2023_1771,장독대김치찌개,미확인,미확인,서울특별시 강남구 도산대로102길 5 1층,37.5243798,127.053036,historical_official_match,https://www.data.go.kr/data/15111405/fileData.do,false
media_2023_1781,경복궁,미확인,미확인,서울특별시 종로구 사직로 161,37.5806736,126.976952,historical_official_match,https://www.data.go.kr/data/15111405/fileData.do,false
media_2023_1783,원조정할머니기름떡볶이,미확인,미확인,서울특별시 종로구 자하문로15길 18,37.580741,126.970021,historical_official_match,https://www.data.go.kr/data/15111405/fileData.do,false
media_2023_1787,초원사진관,미확인,미확인,전라북도 군산시 구영2길 12-1,35.98771,126.708369,historical_official_match,https://www.data.go.kr/data/15111405/fileData.do,false
media_2023_1793,제주빅볼랜드,미확인,미확인,제주특별자치도 제주시 애월읍 산록서로 15,33.389289,126.377993,historical_official_match,https://www.data.go.kr/data/15111405/fileData.do,false
media_2023_1795,헤이미 마카롱,미확인,미확인,서울특별시 강남구 논현로172길 21,37.510366,127.034717,historical_official_match,https://www.data.go.kr/data/15111405/fileData.do,false
media_2023_1796,안녕낯선사람,미확인,미확인,서울특별시 마포구 어울마당로5길 40,37.549776,126.918544,historical_official_match,https://www.data.go.kr/data/15111405/fileData.do,false
media_2023_1797,터틀힙,미확인,미확인,서울특별시 마포구 연남로1길 44 1층 터틀힙,37.5597906,126.925767,historical_official_match,https://www.data.go.kr/data/15111405/fileData.do,false
media_2023_1798,CGV 신촌아트레온,미확인,미확인,서울특별시 서대문구 신촌로 129,37.556489,126.940329,historical_official_match,https://www.data.go.kr/data/15111405/fileData.do,false
media_2023_1800,단하나케이크 신천점,미확인,미확인,"서울특별시 송파구 백제고분로7길 33(잠실동, 3층)",37.510891,127.082606,historical_official_match,https://www.data.go.kr/data/15111405/fileData.do,false
media_2023_1802,을왕리해수욕장,미확인,미확인,인천광역시 중구 용유서로302번길 16-15,37.447737,126.372515,historical_official_match,https://www.data.go.kr/data/15111405/fileData.do,false
media_2023_1804,전망,미확인,미확인,전라북도 전주시 완산구 한지길 89,35.816362,127.154047,historical_official_match,https://www.data.go.kr/data/15111405/fileData.do,false
media_2023_1806,동두천 문화극장,미확인,미확인,경기도 동두천시 동광로 66,37.908291,127.055827,historical_official_match,https://www.data.go.kr/data/15111405/fileData.do,false
media_2023_1808,옥산장 돌과이야기,미확인,미확인,강원도 정선군 여량면 여량 3길 79,37.473119,128.726271,historical_official_match,https://www.data.go.kr/data/15111405/fileData.do,false
media_2023_1809,경주 양동마을,미확인,미확인,경상북도 경주시 강동면 양동리 125,36.001568,129.252632,historical_official_match,https://www.data.go.kr/data/15111405/fileData.do,false
media_2023_1810,교촌마을,미확인,미확인,경상북도 경주시 교촌길 39-2,35.829625,129.217201,historical_official_match,https://www.data.go.kr/data/15111405/fileData.do,false
media_2023_1811,경주 성동시장,미확인,미확인,경상북도 경주시 동문로 24번길 12,35.845501,129.216302,historical_official_match,https://www.data.go.kr/data/15111405/fileData.do,false
media_2023_1812,추억의달동네,미확인,미확인,경상북도 경주시 보불로 216-8,35.803675,129.312426,historical_official_match,https://www.data.go.kr/data/15111405/fileData.do,false
media_2023_1813,동궁과 월지,미확인,미확인,경상북도 경주시 원화로 102,35.83429,129.226584,historical_official_match,https://www.data.go.kr/data/15111405/fileData.do,false
media_2023_1814,첨성대,미확인,미확인,경상북도 경주시 첨성로 140-25,35.83469,129.219066,historical_official_match,https://www.data.go.kr/data/15111405/fileData.do,false
media_2023_1815,영진돼지국밥 본점,미확인,미확인,부산광역시 사하구 하신번영로157번길 39,35.096658,128.957916,historical_official_match,https://www.data.go.kr/data/15111405/fileData.do,false
media_2023_1816,청양수산,미확인,미확인,서울 동작구 노들로 674 노량진수산시장 1층 활어 40호,37.515263,126.94087,historical_official_match,https://www.data.go.kr/data/15111405/fileData.do,false
media_2023_1817,잔비워,미확인,미확인,서울특별시 강남구 도산대로89길 17,37.525873,127.051103,historical_official_match,https://www.data.go.kr/data/15111405/fileData.do,false
media_2023_1818,영천영화 뜰,미확인,미확인,서울특별시 강남구 도산대로90길 3 상민빌딩 5층,37.523959,127.04957,historical_official_match,https://www.data.go.kr/data/15111405/fileData.do,false
media_2023_1819,웅골 본점,미확인,미확인,서울특별시 강동구 강동대로 53길 18,37.5235,127.131948,historical_official_match,https://www.data.go.kr/data/15111405/fileData.do,false
media_2023_1820,카페아셀,미확인,미확인,서울특별시 강동구 강동대로 53길 35,37.524466,127.131812,historical_official_match,https://www.data.go.kr/data/15111405/fileData.do,false
media_2023_1821,램니쿠야 둔촌 본점,미확인,미확인,서울특별시 강동구 양재대로 87길 23,37.525581,127.13374,historical_official_match,https://www.data.go.kr/data/15111405/fileData.do,false
media_2023_1822,오리날다,미확인,미확인,강원도 춘천시 서면 율장길 17,37.843695,127.5679,historical_official_match,https://www.data.go.kr/data/15111405/fileData.do,false
media_2023_1823,황토집 숯불닭갈비,미확인,미확인,강원도 춘천시 신북읍 신샘밭로 656-9,37.928979,127.783003,historical_official_match,https://www.data.go.kr/data/15111405/fileData.do,false
media_2023_1824,제주 진 뒷고기 탄현점,미확인,미확인,경기도 고양시 일산서구 탄현로 6번길 23-21,37.693222,126.773646,historical_official_match,https://www.data.go.kr/data/15111405/fileData.do,false
media_2023_1825,시실리펍,미확인,미확인,경기도 안산시 단원구 광덕대로 161,37.310986,126.829091,historical_official_match,https://www.data.go.kr/data/15111405/fileData.do,false
media_2023_1826,하누갈비,미확인,미확인,경기도 평택시 안중읍 학현리 504-18,36.98879,126.924826,historical_official_match,https://www.data.go.kr/data/15111405/fileData.do,false
media_2023_1827,착한한우곱창 본점,미확인,미확인,경상북도 경산시 성암로 21길 7,35.825224,128.727841,historical_official_match,https://www.data.go.kr/data/15111405/fileData.do,false
media_2023_1828,수서 가원,미확인,미확인,서울특별시 강남구 광평로 234 1층,37.4855579,127.0983227,historical_official_match,https://www.data.go.kr/data/15111405/fileData.do,false
media_2023_1829,삐아프,미확인,미확인,서울특별시 강남구 논현로175길 109 1층,37.521516,127.020741,historical_official_match,https://www.data.go.kr/data/15111405/fileData.do,false
media_2023_1830,청담골,미확인,미확인,서울특별시 강남구 선릉로 148길 48,37.522737,127.043394,historical_official_match,https://www.data.go.kr/data/15111405/fileData.do,false
media_2023_1831,정가네 원조매운갈비찜,미확인,미확인,서울특별시 관악구 남부순환로 216길 8,37.481078,126.948895,historical_official_match,https://www.data.go.kr/data/15111405/fileData.do,false
media_2023_1832,당고집,미확인,미확인,서울특별시 마포구 어울마당로3길 5 1층,37.5471836,126.9192967,historical_official_match,https://www.data.go.kr/data/15111405/fileData.do,false
media_2023_1833,당인식당,미확인,미확인,서울특별시 마포구 와우산로 3길 50,37.545595,126.920179,historical_official_match,https://www.data.go.kr/data/15111405/fileData.do,false
media_2023_1834,담택,미확인,미확인,서울특별시 마포구 월드컵로 8길 34,37.553191,126.914131,historical_official_match,https://www.data.go.kr/data/15111405/fileData.do,false
media_2023_1835,자코비 버거,미확인,미확인,서울특별시 용산구 신흥로 38,37.541779,126.987391,historical_official_match,https://www.data.go.kr/data/15111405/fileData.do,false
media_2023_1836,일미식당,미확인,미확인,서울특별시 종로구 삼일대로 428 낙원상가 지하 B1 148호,37.5721971,126.987629,historical_official_match,https://www.data.go.kr/data/15111405/fileData.do,false
media_2023_1837,덤장 중문점,미확인,미확인,제주특별자치도 서귀포시 천제연로 17,33.25768,126.40828,historical_official_match,https://www.data.go.kr/data/15111405/fileData.do,false
media_2023_1838,강촌레일파크,미확인,미확인,강원도 춘천시 남산면 서백길 57,37.8428025,127.550584,historical_official_match,https://www.data.go.kr/data/15111405/fileData.do,false
media_2023_1840,원조남촌닭갈비,미확인,미확인,강원도 춘천시 조양동 금강로62번길 15,37.879759,127.7293,historical_official_match,https://www.data.go.kr/data/15111405/fileData.do,false
media_2023_1841,보광정가든,미확인,미확인,경기도 양평군 옥천면 용천로149번길 27,37.537764,127.488169,historical_official_match,https://www.data.go.kr/data/15111405/fileData.do,false
media_2023_1842,한국민속촌,미확인,미확인,경기도 용인시 기흥구 민속촌로 90,37.260092,127.12036,historical_official_match,https://www.data.go.kr/data/15111405/fileData.do,false
media_2023_1843,와쏘,미확인,미확인,서울특별시 강남구 논현로150길 34,37.519694,127.031195,historical_official_match,https://www.data.go.kr/data/15111405/fileData.do,false
media_2023_1844,엑스케이프 건대점,미확인,미확인,서울특별시 광진구 동일로 112,37.542517,127.064343,historical_official_match,https://www.data.go.kr/data/15111405/fileData.do,false
media_2023_1849,장미맨숀 전북대본점,미확인,미확인,전라북도 전주시 덕진구 명륜5길 10-2,35.843177,127.125496,historical_official_match,https://www.data.go.kr/data/15111405/fileData.do,false
media_2023_1850,별당아씨,미확인,미확인,전라북도 전주시 완산구 은행로 41,35.816301,127.152463,historical_official_match,https://www.data.go.kr/data/15111405/fileData.do,false
media_2023_1851,비자림로,미확인,미확인,제주특별자치도 제주시 구좌읍 평대리,33.478513,126.779337,historical_official_match,https://www.data.go.kr/data/15111405/fileData.do,false
media_2023_1854,요거바라,미확인,미확인,경기도 고양시 일산동구 성현로659번길 180,37.696458,126.847266,historical_official_match,https://www.data.go.kr/data/15111405/fileData.do,false
media_2023_1857,파스쿠찌 강남구청역점,미확인,미확인,서울특별시 강남구 선릉로131길 12,37.51785,127.039853,historical_official_match,https://www.data.go.kr/data/15111405/fileData.do,false
media_2023_1859,골목식당,미확인,미확인,서울특별시 강남구 압구정로79길 47,37.525483,127.051047,historical_official_match,https://www.data.go.kr/data/15111405/fileData.do,false
media_2023_1860,목포자매집,미확인,미확인,서울특별시 강남구 언주로115길 14,37.510123,127.03541,historical_official_match,https://www.data.go.kr/data/15111405/fileData.do,false
media_2023_1861,이모가있는집 본점,미확인,미확인,서울특별시 강남구 언주로134길 31,37.517091,127.038109,historical_official_match,https://www.data.go.kr/data/15111405/fileData.do,false
media_2023_1862,푸주옥설렁탕,미확인,미확인,서울특별시 강동구 강동대로 209,37.523823,127.129786,historical_official_match,https://www.data.go.kr/data/15111405/fileData.do,false
media_2023_1863,툭툭누들타이,미확인,미확인,서울특별시 마포구 성미산로 161-8,37.565149,126.924012,historical_official_match,https://www.data.go.kr/data/15111405/fileData.do,false
media_2023_1864,응봉산,미확인,미확인,서울특별시 성동구 독서당로60길 13-1,37.547805,127.029886,historical_official_match,https://www.data.go.kr/data/15111405/fileData.do,false
media_2023_1866,한와담 한남본점,미확인,미확인,서울특별시 용산구 독서당로 65-1,37.533806,127.007746,historical_official_match,https://www.data.go.kr/data/15111405/fileData.do,false
media_2023_1867,보나베띠 명동점,미확인,미확인,서울특별시 중구 명동10길 51,37.554319,126.973992,historical_official_match,https://www.data.go.kr/data/15111405/fileData.do,false
media_2023_1868,산방산 탄산온천,미확인,미확인,제주특별자치도 서귀포시 안덕면 사계북로41번길 192,33.248192,126.298955,historical_official_match,https://www.data.go.kr/data/15111405/fileData.do,false
media_2023_1869,통갈치구이조림 사계바다 제주산방산점,미확인,미확인,제주특별자치도 서귀포시 안덕면 형제해안로 26,33.227851,126.303911,historical_official_match,https://www.data.go.kr/data/15111405/fileData.do,false
media_2023_1870,부가네농장,미확인,미확인,제주특별자치도 제주시 애월읍 상가로4길 52,33.4450632,126.346844,historical_official_match,https://www.data.go.kr/data/15111405/fileData.do,false
media_2023_1871,강릉전복해물뚝배기,미확인,미확인,강원도 강릉시 창해로 361-2 1층,37.7948545,128.9171059,historical_official_match,https://www.data.go.kr/data/15111405/fileData.do,false
media_2023_1872,캠핑아일랜드,미확인,미확인,경기도 고양시 덕양구 마상로 79,37.662005,126.832665,historical_official_match,https://www.data.go.kr/data/15111405/fileData.do,false
media_2023_1873,국민닭발 구리본점,미확인,미확인,경기도 구리시 검배로84번길 13,37.59459,127.147086,historical_official_match,https://www.data.go.kr/data/15111405/fileData.do,false
media_2023_1874,남문통닭 본점,미확인,미확인,경기도 수원시 팔달구 정조로800번길 16,37.2795537,127.0174974,historical_official_match,https://www.data.go.kr/data/15111405/fileData.do,false
media_2023_1875,홍림곱창,미확인,미확인,대구광역시 남구 대명로36길 58,35.837066,128.574576,historical_official_match,https://www.data.go.kr/data/15111405/fileData.do,false
media_2023_1877,장미술상,미확인,미확인,서울특별시 강남구 학동로2길 34,37.509225,127.023034,historical_official_match,https://www.data.go.kr/data/15111405/fileData.do,false
media_2023_1878,유림 강서점,미확인,미확인,서울특별시 강서구 공항대로71길 5 유림,37.5478307,126.8717214,historical_official_match,https://www.data.go.kr/data/15111405/fileData.do,false
media_2023_1879,매실한우광양불고기,미확인,미확인,전라남도 광양시 광양읍 서천1길 46,34.9697778,127.5790722,historical_official_match,https://www.data.go.kr/data/15111405/fileData.do,false
media_2023_1880,두근두근테이블,미확인,미확인,전라남도 광양시 눈소1길 3-7,34.9366399,127.6977469,historical_official_match,https://www.data.go.kr/data/15111405/fileData.do,false
media_2023_1881,전망대횟집,미확인,미확인,제주특별자치도 제주시 한림읍 한림해안로 229-14,33.423042,126.260999,historical_official_match,https://www.data.go.kr/data/15111405/fileData.do,false
media_2023_1887,성수미술관,미확인,미확인,서울특별시 성동구 성수일로8길 39 지층 B02,37.545648,127.054802,historical_official_match,https://www.data.go.kr/data/15111405/fileData.do,false
media_2023_1894,보니타샌드위치,미확인,미확인,강원도 춘천시 효자로 102 1층,37.871936,127.733403,historical_official_match,https://www.data.go.kr/data/15111405/fileData.do,false
media_2023_1901,수영 돼지국밥,미확인,미확인,부산광역시 수영구 무학로 6,35.1617241,129.11225,historical_official_match,https://www.data.go.kr/data/15111405/fileData.do,false
media_2023_1904,도산족발&칼국수,미확인,미확인,서울특별시 강남구 도산대로 45길 8-8 2층,37.523027,127.036623,historical_official_match,https://www.data.go.kr/data/15111405/fileData.do,false
media_2023_1907,고센인코퍼레이티드 청담점,미확인,미확인,서울특별시 강남구 선릉로158길 18,37.525099,127.041412,historical_official_match,https://www.data.go.kr/data/15111405/fileData.do,false
media_2023_1913,망원한강공원,미확인,미확인,서울특별시 마포구 마포나루길 467 망원한강공원 내,37.55347,126.89816,historical_official_match,https://www.data.go.kr/data/15111405/fileData.do,false
media_2023_1915,커피탐이나,미확인,미확인,서울특별시 마포구 잔다리로3안길 31,37.55017,126.919436,historical_official_match,https://www.data.go.kr/data/15111405/fileData.do,false
media_2023_1927,부산외국어대학교,미확인,미확인,부산광역시 금정구 금샘로485번길 65,35.267414,129.078741,historical_official_match,https://www.data.go.kr/data/15111405/fileData.do,false
media_2023_1928,아난티 코브,미확인,미확인,부산광역시 기장군 기장읍 기장해안로 268-31,35.200166,129.229042,historical_official_match,https://www.data.go.kr/data/15111405/fileData.do,false
media_2023_1929,원조 할매 낙지,미확인,미확인,부산광역시 부산진구 골드테마길 12,35.142157,129.060169,historical_official_match,https://www.data.go.kr/data/15111405/fileData.do,false
media_2023_1931,송도 스카이 케이블카,미확인,미확인,부산광역시 서구 암남동 767,35.219652,129.074576,historical_official_match,https://www.data.go.kr/data/15111405/fileData.do,false
media_2023_1932,할매탕,미확인,미확인,부산광역시 해운대구 중동2로10번길 7,35.163508,129.164973,historical_official_match,https://www.data.go.kr/data/15111405/fileData.do,false
media_2023_1933,예스24 라이브홀,미확인,미확인,서울특별시 광진구 구천면로 20,37.545773,127.107881,historical_official_match,https://www.data.go.kr/data/15111405/fileData.do,false
media_2023_1934,간절곶,미확인,미확인,울산광역시 울주군 서생면 대송리,35.359123,129.360606,historical_official_match,https://www.data.go.kr/data/15111405/fileData.do,false
media_2023_1935,외고산 옹기 마을,미확인,미확인,울산광역시 울주군 온양읍 외고산3길 36,35.433959,129.279483,historical_official_match,https://www.data.go.kr/data/15111405/fileData.do,false
media_2023_1938,55갤런,미확인,미확인,경기도 김포시 양촌읍 김포대로 1619,37.6626557,126.6576369,historical_official_match,https://www.data.go.kr/data/15111405/fileData.do,false
media_2023_1946,우텐더,미확인,미확인,서울특별시 강남구 압구정로 42길 25-10,37.527011,127.035838,historical_official_match,https://www.data.go.kr/data/15111405/fileData.do,false
media_2023_9,닭이봉춘천닭갈비 의정부점,미확인,미확인,경기도 의정부시 신흥로 196,37.733528,127.043793,historical_official_match,https://www.data.go.kr/data/15111405/fileData.do,false
media_2023_0,휘닉스 평창 스노우 파크,미확인,미확인,강원도 평창군 봉평면 태기로 174,37.577868,128.32341,historical_official_match,https://www.data.go.kr/data/15111405/fileData.do,false
media_2023_2,율동공원,미확인,미확인,경기도 성남시 분당구 문정로 72,37.3765384,127.152391,historical_official_match,https://www.data.go.kr/data/15111405/fileData.do,false
media_2023_3,베르아델승마클럽,미확인,미확인,경기도 안산시 단원구 부흥로 376,37.212744,126.608469,historical_official_match,https://www.data.go.kr/data/15111405/fileData.do,false
media_2023_4,서원아트리움,미확인,미확인,경기도 파주시 광탄면 서원길 333,37.815938,126.896078,historical_official_match,https://www.data.go.kr/data/15111405/fileData.do,false
media_2023_5,서울특별시 학생체육관,미확인,미확인,서울특별시 송파구 잠실동 10-3,37.512199,127.07525,historical_official_match,https://www.data.go.kr/data/15111405/fileData.do,false
media_2023_6,그랜드하얏트서울 아이스링크,미확인,미확인,서울특별시 용산구 소월로 322,37.539349,126.99715,historical_official_match,https://www.data.go.kr/data/15111405/fileData.do,false
media_2023_7,경기도잣향기푸른숲,미확인,미확인,경기도 가평군 상면 축령로 289-146,37.769366,127.339123,historical_official_match,https://www.data.go.kr/data/15111405/fileData.do,false
media_2023_10,한마음행복센터,미확인,미확인,부산광역시 서구 천마산로 370,35.097029,129.016722,historical_official_match,https://www.data.go.kr/data/15111405/fileData.do,false
media_2023_11,아실라,미확인,미확인,서울특별시 강남구 강남대로98길 16,37.500688,127.028069,historical_official_match,https://www.data.go.kr/data/15111405/fileData.do,false
media_2023_14,팔당닭발,미확인,미확인,서울특별시 강남구 학동로45길 7,37.51672,127.0378039,historical_official_match,https://www.data.go.kr/data/15111405/fileData.do,false
media_2023_15,히메시야,미확인,미확인,서울특별시 마포구 독막로15길 3-18,37.548639,126.921276,historical_official_match,https://www.data.go.kr/data/15111405/fileData.do,false
media_2023_16,김사또상수본점,미확인,미확인,서울특별시 마포구 서강동 와우산로 39,37.547983,126.922831,historical_official_match,https://www.data.go.kr/data/15111405/fileData.do,false
media_2023_17,도쿄등심 롯데캐슬잠실점,미확인,미확인,서울특별시 송파구 올림픽로 269,37.5142852,127.100694,historical_official_match,https://www.data.go.kr/data/15111405/fileData.do,false
media_2023_18,카페후암동,미확인,미확인,서울특별시 용산구 후암동 후암로 33,37.548701,126.97755,historical_official_match,https://www.data.go.kr/data/15111405/fileData.do,false
media_2023_19,감고당길,미확인,미확인,서울특별시 종로구 율곡로3길,37.577861,126.982358,historical_official_match,https://www.data.go.kr/data/15111405/fileData.do,false
media_2023_20,호박식당 약수본점,미확인,미확인,서울특별시 중구 다산로 154,37.557271,127.01231,historical_official_match,https://www.data.go.kr/data/15111405/fileData.do,false
media_2023_21,카페 누구나꽃,미확인,미확인,인천광역시 강화군 불은면 덕진로 89,37.651568,126.517667,historical_official_match,https://www.data.go.kr/data/15111405/fileData.do,false
media_2023_22,대흘리에,미확인,미확인,제주특별자치도 제주시 조천읍 함선로 250,33.511016,126.68306,historical_official_match,https://www.data.go.kr/data/15111405/fileData.do,false
media_2023_23,카페마리오,미확인,미확인,경기도 가평군 가평읍 상지로 693,37.751219,127.495397,historical_official_match,https://www.data.go.kr/data/15111405/fileData.do,false
media_2023_25,도날드 떡볶이,미확인,미확인,부산광역시 영도구 남항새싹길9,35.084824,129.042922,historical_official_match,https://www.data.go.kr/data/15111405/fileData.do,false
media_2023_26,흰여울문화마을,미확인,미확인,부산광역시 영도구 영선동4가 605-3,35.078284,129.045318,historical_official_match,https://www.data.go.kr/data/15111405/fileData.do,false
media_2023_27,태종대,미확인,미확인,부산광역시 영도구 전망로 24,35.052886,129.0872,historical_official_match,https://www.data.go.kr/data/15111405/fileData.do,false
media_2023_28,달뜨네,미확인,미확인,부산광역시 영도구 절영로 205,35.0794042,129.0449779,historical_official_match,https://www.data.go.kr/data/15111405/fileData.do,false
media_2023_29,영도대교,미확인,미확인,부산광역시 영도구 중앙동7가,35.095539,129.036477,historical_official_match,https://www.data.go.kr/data/15111405/fileData.do,false
media_2023_30,남포수제비,미확인,미확인,부산광역시 중구 광복로49번길 7-1 2층,35.099883,129.030525,historical_official_match,https://www.data.go.kr/data/15111405/fileData.do,false
media_2023_31,이재모피자,미확인,미확인,부산광역시 중구 광복중앙로 31,35.102083,129.030812,historical_official_match,https://www.data.go.kr/data/15111405/fileData.do,false
media_2023_32,꽁블라썸,미확인,미확인,부산광역시 중구 동광길 28 아코디언 동상옆,35.103952,129.034545,historical_official_match,https://www.data.go.kr/data/15111405/fileData.do,false
media_2023_34,카페드커넥트,미확인,미확인,서울특별시 강남구 언주로159길 7,37.524287,127.032241,historical_official_match,https://www.data.go.kr/data/15111405/fileData.do,false
media_2023_35,월화고기 상암 직영1호점,미확인,미확인,서울특별시 마포구 매봉산로2안길 12-6 1층,37.578064,126.894397,historical_official_match,https://www.data.go.kr/data/15111405/fileData.do,false
media_2023_36,영동족발 본점,미확인,미확인,서울특별시 서초구 남부순환로358길 8,37.484533,127.037993,historical_official_match,https://www.data.go.kr/data/15111405/fileData.do,false
media_2023_38,마봉 양꼬치 용산점,미확인,미확인,서울특별시 용산구 새창로 209,37.530635,126.967008,historical_official_match,https://www.data.go.kr/data/15111405/fileData.do,false
media_2023_39,커피프렌즈촬영지,미확인,미확인,제주특별자치도 서귀포시 안덕면 중산간서로 2026,33.28848,126.306966,historical_official_match,https://www.data.go.kr/data/15111405/fileData.do,false
media_2023_40,재게재게옵서 cafe,미확인,미확인,제주특별자치도 제주시 한림읍 비양도길 32-3,33.405246,126.228268,historical_official_match,https://www.data.go.kr/data/15111405/fileData.do,false
media_2023_41,칭하이,미확인,미확인,경기도 성남시 중원구 성남대로 1149 2층 칭하이,37.432232,127.126479,historical_official_match,https://www.data.go.kr/data/15111405/fileData.do,false
media_2023_42,아미스타,미확인,미확인,경기도 수원시 영통구 센트럴파크로127번길 80-3,37.294206,127.049392,historical_official_match,https://www.data.go.kr/data/15111405/fileData.do,false
media_2023_43,맛나반점,미확인,미확인,경기도 파주시 파주읍 충현로 25,37.849275,126.791105,historical_official_match,https://www.data.go.kr/data/15111405/fileData.do,false
media_2023_44,트리하우스,미확인,미확인,경기도 평택시 진위면 삼봉로 442-15,37.093768,127.101074,historical_official_match,https://www.data.go.kr/data/15111405/fileData.do,false
media_2023_45,더페이머스버거 신사점,미확인,미확인,서울특별시 강남구 도산대로 113 1층,37.516969,127.020837,historical_official_match,https://www.data.go.kr/data/15111405/fileData.do,false
media_2023_46,카멜커피 도산공원점,미확인,미확인,서울특별시 강남구 도산대로45길 16-8,37.523608,127.035952,historical_official_match,https://www.data.go.kr/data/15111405/fileData.do,false
media_2023_47,호화반점,미확인,미확인,서울특별시 강남구 선릉로161길 5 1-2층,37.527684,127.037304,historical_official_match,https://www.data.go.kr/data/15111405/fileData.do,false
media_2023_48,압구정하루,미확인,미확인,서울특별시 강남구 언주로172길 56,37.536919,126.982588,historical_official_match,https://www.data.go.kr/data/15111405/fileData.do,false
media_2023_49,중경소면관,미확인,미확인,서울특별시 광진구 아차산로30길 42,37.539025,127.064723,historical_official_match,https://www.data.go.kr/data/15111405/fileData.do,false
media_2023_50,버튼업 바 앤 키친,미확인,미확인,서울특별시 마포구 토정로 53-9,37.545646,126.914464,historical_official_match,https://www.data.go.kr/data/15111405/fileData.do,false
media_2023_52,바다식당,미확인,미확인,서울특별시 용산구 이태원로 245 2층,37.536882,126.997909,historical_official_match,https://www.data.go.kr/data/15111405/fileData.do,false
media_2023_53,매짜리토박이,미확인,미확인,경기도 광주시 오포읍 매자리길 94-32 1층,37.352565,127.253521,historical_official_match,https://www.data.go.kr/data/15111405/fileData.do,false
media_2023_54,보수동 책방 골목,미확인,미확인,부산광역시 중구 대청로 67-1,35.10332,129.026803,historical_official_match,https://www.data.go.kr/data/15111405/fileData.do,false
media_2023_55,미술공방 남포본점,미확인,미확인,부산광역시 중구 중구로29번길 17-1 1층,35.100373,129.024733,historical_official_match,https://www.data.go.kr/data/15111405/fileData.do,false
media_2023_57,솔빈덕,미확인,미확인,서울특별시 강남구 도산대로51길 40,37.525666,127.038263,historical_official_match,https://www.data.go.kr/data/15111405/fileData.do,false
media_2023_58,카페 노티드 청담,미확인,미확인,서울특별시 강남구 도산대로53길 15 1층,37.5241508,127.0382334,historical_official_match,https://www.data.go.kr/data/15111405/fileData.do,false
media_2023_60,버터풀앤크리멀러스,미확인,미확인,서울특별시 강남구 언주로172길 59 1층,37.526936,127.036455,historical_official_match,https://www.data.go.kr/data/15111405/fileData.do,false
media_2023_61,해몽,미확인,미확인,서울특별시 강남구 학동로41길 32,37.518086,127.036365,historical_official_match,https://www.data.go.kr/data/15111405/fileData.do,false
media_2023_62,베란다컵케익,미확인,미확인,서울특별시 마포구 동교로38길 27-14,37.56195,126.92618,historical_official_match,https://www.data.go.kr/data/15111405/fileData.do,false
media_2023_63,도요스6가,미확인,미확인,서울특별시 송파구 백제고분로45길 40 트윈레이크팰리스 1층,37.510981,127.105226,historical_official_match,https://www.data.go.kr/data/15111405/fileData.do,false
media_2023_64,스시준,미확인,미확인,서울특별시 송파구 올림픽로35다길 32 지하1층,37.514905,127.099976,historical_official_match,https://www.data.go.kr/data/15111405/fileData.do,false
media_2023_171,백담사,미확인,미확인,강원도 인제군 북면 백담로 746,38.164718,128.373893,historical_official_match,https://www.data.go.kr/data/15111405/fileData.do,false
media_2023_65,DONO,미확인,미확인,서울특별시 용산구 이태원로54길 63,37.535681,126.999024,historical_official_match,https://www.data.go.kr/data/15111405/fileData.do,false
media_2023_66,동굴과화로구이,미확인,미확인,서울특별시 은평구 은평로 185,37.48282,126.979343,historical_official_match,https://www.data.go.kr/data/15111405/fileData.do,false
media_2023_67,카페 다연,미확인,미확인,인천광역시 계양구 하느재로5번길 1 1층 102호,37.543888,126.722578,historical_official_match,https://www.data.go.kr/data/15111405/fileData.do,false
media_2023_68,오목골 즉석메밀우동,미확인,미확인,인천광역시 미추홀구 석정로 142,37.468225,126.648732,historical_official_match,https://www.data.go.kr/data/15111405/fileData.do,false
media_2023_69,중화루,미확인,미확인,인천광역시 중구 홍예문로 12,37.471767,126.621568,historical_official_match,https://www.data.go.kr/data/15111405/fileData.do,false
media_2023_71,피어 22,미확인,미확인,제주특별자치도 제주시 한림읍 금능7길 22 금능리어촌계복지회관 1층,33.389939,126.225689,historical_official_match,https://www.data.go.kr/data/15111405/fileData.do,false
media_2023_72,테라로사 커피공장 강릉본점,미확인,미확인,강원도 강릉시 구정면 현철길 25,37.6960542,128.8918879,historical_official_match,https://www.data.go.kr/data/15111405/fileData.do,false
media_2023_73,정은숙초당순두부,미확인,미확인,강원도 강릉시 난설헌로 200,37.790728,128.9119821,historical_official_match,https://www.data.go.kr/data/15111405/fileData.do,false
media_2023_74,강릉컬링센터,미확인,미확인,강원도 강릉시 종합운동장길 32,37.773759,128.892451,historical_official_match,https://www.data.go.kr/data/15111405/fileData.do,false
media_2023_76,정선아리랑시장,미확인,미확인,강원도 정선군 정선읍 5일장길 36,37.380441,128.665164,historical_official_match,https://www.data.go.kr/data/15111405/fileData.do,false
media_2023_78,섬향기,미확인,미확인,강원도 춘천시 남산면 남이섬길 1,37.790815,127.525187,historical_official_match,https://www.data.go.kr/data/15111405/fileData.do,false
media_2023_79,황태회관,미확인,미확인,강원도 평창군 대관령면 눈마을길 19,37.6698745,128.7098617,historical_official_match,https://www.data.go.kr/data/15111405/fileData.do,false
media_2023_80,대관령 양떼목장,미확인,미확인,강원도 평창군 대관령면 대관령마루길 483-32,37.689736,128.753045,historical_official_match,https://www.data.go.kr/data/15111405/fileData.do,false
media_2023_81,알펜시아,미확인,미확인,강원도 평창군 대관령면 솔봉로 325,37.654397,128.671795,historical_official_match,https://www.data.go.kr/data/15111405/fileData.do,false
media_2023_82,알펜시아 스키점프 센터,미확인,미확인,강원도 평창군 대관령면 스포츠파크길 135,37.66299,128.682168,historical_official_match,https://www.data.go.kr/data/15111405/fileData.do,false
media_2023_83,산수명산,미확인,미확인,강원도 평창군 진부면 오대산 3길 13,37.714257,128.599781,historical_official_match,https://www.data.go.kr/data/15111405/fileData.do,false
media_2023_84,월정사,미확인,미확인,강원도 평창군 진부면 오대산로 374-8,37.731807,128.592508,historical_official_match,https://www.data.go.kr/data/15111405/fileData.do,false
media_2023_85,주누 돈까스 냉면,미확인,미확인,경기도 성남시 분당구 서현로210번길 14,37.386272,127.124676,historical_official_match,https://www.data.go.kr/data/15111405/fileData.do,false
media_2023_86,순창 떡볶이김밥,미확인,미확인,경기도 성남시 수정구 산성대로 255번길 10,37.441106,127.145096,historical_official_match,https://www.data.go.kr/data/15111405/fileData.do,false
media_2023_87,앞산공원 전망대,미확인,미확인,대구광역시 남구 대명동 산227-4,35.8272862,128.587654,historical_official_match,https://www.data.go.kr/data/15111405/fileData.do,false
media_2023_90,디아크 문화관,미확인,미확인,대구광역시 달성군 다사읍 강정본길 57,35.838438,128.468464,historical_official_match,https://www.data.go.kr/data/15111405/fileData.do,false
media_2023_91,전동매니아 2호점,미확인,미확인,대구광역시 달성군 다사읍 대실역남로 3길 3,35.850717,128.467785,historical_official_match,https://www.data.go.kr/data/15111405/fileData.do,false
media_2023_92,김광석 다시 그리기길,미확인,미확인,대구광역시 중구 동덕로8길 34-20,35.859919,128.606594,historical_official_match,https://www.data.go.kr/data/15111405/fileData.do,false
media_2023_93,진골목,미확인,미확인,대구광역시 중구 중앙대로 403,35.868663,128.592812,historical_official_match,https://www.data.go.kr/data/15111405/fileData.do,false
media_2023_94,미도다방,미확인,미확인,대구광역시 중구 진골목길 14,35.8680689,128.592691,historical_official_match,https://www.data.go.kr/data/15111405/fileData.do,false
media_2023_95,솜이네떡볶이,미확인,미확인,서울특별시 중구 퇴계로42길 36,37.5601352,126.9963869,historical_official_match,https://www.data.go.kr/data/15111405/fileData.do,false
media_2023_96,광양 서천변,미확인,미확인,전라남도 광양시 광양읍 서천변로 261,34.978805,127.5728,historical_official_match,https://www.data.go.kr/data/15111405/fileData.do,false
media_2023_98,빨간오뎅,미확인,미확인,전라남도 순천시 북부시장길 5,34.9593672,127.4850966,historical_official_match,https://www.data.go.kr/data/15111405/fileData.do,false
media_2023_100,베니스 랜드,미확인,미확인,제주특별자치도 서귀포시 성산읍 난산리 2575,33.416209,126.84091,historical_official_match,https://www.data.go.kr/data/15111405/fileData.do,false
media_2023_101,여미지 식물원,미확인,미확인,제주특별자치도 서귀포시 중문관광로 93,33.252753,126.414438,historical_official_match,https://www.data.go.kr/data/15111405/fileData.do,false
media_2023_104,미앙,미확인,미확인,서울특별시 강남구 논현로 854 안다즈호텔 지하 1층,37.525488,127.02892,historical_official_match,https://www.data.go.kr/data/15111405/fileData.do,false
media_2023_107,야키토리 쿠이신보,미확인,미확인,서울특별시 강남구 도산대로55길 40,37.526067,127.041081,historical_official_match,https://www.data.go.kr/data/15111405/fileData.do,false
media_2023_108,도라지 위스키,미확인,미확인,서울특별시 강남구 선릉로155길 11,37.525329,127.038789,historical_official_match,https://www.data.go.kr/data/15111405/fileData.do,false
media_2023_109,너마늘 안동갈비 & 요술꼬치,미확인,미확인,서울특별시 강남구 선릉로157길 26,37.526298,127.037793,historical_official_match,https://www.data.go.kr/data/15111405/fileData.do,false
media_2023_110,카페 디올,미확인,미확인,서울특별시 강남구 청담동 압구정로 464 하우스 오브 디올 5F,37.524805,127.046873,historical_official_match,https://www.data.go.kr/data/15111405/fileData.do,false
media_2023_111,유진치킨 홍제점,미확인,미확인,서울특별시 서대문구 세무서7길 13,37.5914212,126.9460607,historical_official_match,https://www.data.go.kr/data/15111405/fileData.do,false
media_2023_112,고기두목,미확인,미확인,서울특별시 서초구 잠원동 신반포로47길 87,37.514181,127.018593,historical_official_match,https://www.data.go.kr/data/15111405/fileData.do,false
media_2023_113,제스티살룬 성수,미확인,미확인,서울특별시 성동구 서울숲4길 13 1층,37.547499,127.042485,historical_official_match,https://www.data.go.kr/data/15111405/fileData.do,false
media_2023_114,페스타 바이 민구,미확인,미확인,서울특별시 중구 장충동 장충단로 60,37.550122,127.002181,historical_official_match,https://www.data.go.kr/data/15111405/fileData.do,false
media_2023_116,플레이팅쿠킹스튜디오,미확인,미확인,"서울특별시 마포구 성미산로23안길 19 5, 6층",37.565959,126.920869,historical_official_match,https://www.data.go.kr/data/15111405/fileData.do,false
media_2023_117,안성팜랜드,미확인,미확인,경기도 안성시 공도읍 대신두길 28,36.9904684,127.194467,historical_official_match,https://www.data.go.kr/data/15111405/fileData.do,false
media_2023_118,엘빈에비뉴라운지,미확인,미확인,서울특별시 강남구 강남대로92길 13,37.4990249,127.02849,historical_official_match,https://www.data.go.kr/data/15111405/fileData.do,false
media_2023_119,참참참,미확인,미확인,부산광역시 영도구 중리북로 21,35.07134,129.066787,historical_official_match,https://www.data.go.kr/data/15111405/fileData.do,false
media_2023_120,명품먹태&노가리,미확인,미확인,서울특별시 강서구 방화동로 26,37.563075,126.810115,historical_official_match,https://www.data.go.kr/data/15111405/fileData.do,false
media_2023_121,니가사니,미확인,미확인,서울특별시 서초구 반포대로26길 35 1층,37.490666,127.010993,historical_official_match,https://www.data.go.kr/data/15111405/fileData.do,false
media_2023_122,모자호떡,미확인,미확인,"강원도 강릉시 금성로 21, 중앙시장 185호",37.754234,128.898988,historical_official_match,https://www.data.go.kr/data/15111405/fileData.do,false
media_2023_123,두물머리,미확인,미확인,경기도 양평군 양서면 두물머리길,37.532916,127.315783,historical_official_match,https://www.data.go.kr/data/15111405/fileData.do,false
media_2023_124,수수 카페,미확인,미확인,경기도 양평군 양서면 북한강로 89번길 16,37.551984,127.32139,historical_official_match,https://www.data.go.kr/data/15111405/fileData.do,false
media_2023_125,까꾸네모리국수,미확인,미확인,경상북도 포항시 남구 구룡포읍 호미로 239-13,35.991397,129.556266,historical_official_match,https://www.data.go.kr/data/15111405/fileData.do,false
media_2023_126,매드독스,미확인,미확인,부산광역시 수영구 광안해변로 235,35.1546728,129.1196979,historical_official_match,https://www.data.go.kr/data/15111405/fileData.do,false
media_2023_127,강남면옥 본점,미확인,미확인,서울특별시 강남구 논현로 152길 34,37.521403,127.030931,historical_official_match,https://www.data.go.kr/data/15111405/fileData.do,false
media_2023_128,누메아 커피바,미확인,미확인,서울특별시 강남구 봉은사로 73길 47,37.515519,127.049428,historical_official_match,https://www.data.go.kr/data/15111405/fileData.do,false
media_2023_129,지노스피자 압구정점,미확인,미확인,서울특별시 강남구 선릉로 155갈 15,37.525448,127.038348,historical_official_match,https://www.data.go.kr/data/15111405/fileData.do,false
media_2023_130,북창동순두부 강남구청점,미확인,미확인,서울특별시 강남구 학동로 56길 26,37.515492,127.042639,historical_official_match,https://www.data.go.kr/data/15111405/fileData.do,false
media_2023_131,커피인뜨락,미확인,미확인,서울특별시 종로구 삼청로5길 11,37.582542,126.98111,historical_official_match,https://www.data.go.kr/data/15111405/fileData.do,false
media_2023_132,엔티커피,미확인,미확인,서울특별시 종로구 율곡로 272,37.572979,127.007321,historical_official_match,https://www.data.go.kr/data/15111405/fileData.do,false
media_2023_133,광장시장 고향손칼국수,미확인,미확인,서울특별시 종로구 창경궁로 88,37.570345,126.999249,historical_official_match,https://www.data.go.kr/data/15111405/fileData.do,false
media_2023_134,유람선 회집,미확인,미확인,인천광역시 중구 월미문화로 37,37.475261,126.598079,historical_official_match,https://www.data.go.kr/data/15111405/fileData.do,false
media_2023_135,공가네,미확인,미확인,인천광역시 중구 차이나타운로 46,37.47538,126.619235,historical_official_match,https://www.data.go.kr/data/15111405/fileData.do,false
media_2023_136,바당지기,미확인,미확인,제주특별자치도 제주시 구좌읍 해맞이해안로 480,33.5548251,126.798014,historical_official_match,https://www.data.go.kr/data/15111405/fileData.do,false
media_2023_137,도토리키친 본점,미확인,미확인,제주특별자치도 제주시 북성로 59,33.5153909,126.518667,historical_official_match,https://www.data.go.kr/data/15111405/fileData.do,false
media_2023_138,해녀잠수촌,미확인,미확인,제주특별자치도 제주시 서해안로 498 1층,33.5188204,126.4921734,historical_official_match,https://www.data.go.kr/data/15111405/fileData.do,false
media_2023_140,도경리역,미확인,미확인,강원도 삼척시 도경북길 126,37.543482,126.987688,historical_official_match,https://www.data.go.kr/data/15111405/fileData.do,false
media_2023_141,1994커피,미확인,미확인,강원도 삼척시 테마타운길 69,37.467152,129.169442,historical_official_match,https://www.data.go.kr/data/15111405/fileData.do,false
media_2023_142,새들러 하우스,미확인,미확인,서울특별시 강남구 도산대로17길 10,37.519341,127.024908,historical_official_match,https://www.data.go.kr/data/15111405/fileData.do,false
media_2023_143,앤더슨씨 청담점,미확인,미확인,서울특별시 강남구 도산대로55길 7 헤이븐빌딩,37.5239721,127.0400718,historical_official_match,https://www.data.go.kr/data/15111405/fileData.do,false
media_2023_144,루비떡볶이,미확인,미확인,서울특별시 강남구 선릉로153길 21,37.524594,127.037648,historical_official_match,https://www.data.go.kr/data/15111405/fileData.do,false
media_2023_145,미 피아체,미확인,미확인,서울특별시 강남구 압구정로80길 19-2,37.524444,127.045,historical_official_match,https://www.data.go.kr/data/15111405/fileData.do,false
media_2023_146,애플하우스,미확인,미확인,서울특별시 동작구 동작대로27다길 29 2층,37.486251,126.980647,historical_official_match,https://www.data.go.kr/data/15111405/fileData.do,false
media_2023_147,서대문 양꼬치,미확인,미확인,서울특별시 마포구 동교로 251,37.5623878,126.924158,historical_official_match,https://www.data.go.kr/data/15111405/fileData.do,false
media_2023_148,소금집 델리,미확인,미확인,서울특별시 마포구 월드컵로19길 14,37.556785,126.906017,historical_official_match,https://www.data.go.kr/data/15111405/fileData.do,false
media_2023_150,루엘드파리,미확인,미확인,서울특별시 서초구 서초중앙로 18 서초쌍용플래티넘 112호,37.4840138,127.0173415,historical_official_match,https://www.data.go.kr/data/15111405/fileData.do,false
media_2023_151,챔프 커피 제 2작업실,미확인,미확인,서울특별시 용산구 녹사평대로26가길 24,37.532493,126.992812,historical_official_match,https://www.data.go.kr/data/15111405/fileData.do,false
media_2023_152,털보네 꼼장어,미확인,미확인,서울특별시 용산구 대사관로 63,37.533434,126.920584,historical_official_match,https://www.data.go.kr/data/15111405/fileData.do,false
media_2023_153,해방촌 꼼모아,미확인,미확인,서울특별시 용산구 신흥로 56,37.543493,126.98767,historical_official_match,https://www.data.go.kr/data/15111405/fileData.do,false
media_2023_154,금돼지식당,미확인,미확인,서울특별시 중구 다산로 149,37.557057,127.009465,historical_official_match,https://www.data.go.kr/data/15111405/fileData.do,false
media_2023_155,제주 만민 식당,미확인,미확인,제주특별자치도 제주시 한림읍 중산간서로 4618-1,33.383773,126.28393,historical_official_match,https://www.data.go.kr/data/15111405/fileData.do,false
media_2023_156,의령식당,미확인,미확인,부산광역시 해운대구 우동1로50번길 15,35.170674,129.123381,historical_official_match,https://www.data.go.kr/data/15111405/fileData.do,false
media_2023_157,시추안하우스 압구정점,미확인,미확인,서울특별시 강남구 논현로 854 안다즈 호텔 지하 1층,37.525512,127.026661,historical_official_match,https://www.data.go.kr/data/15111405/fileData.do,false
media_2023_158,로바다야끼아라도,미확인,미확인,서울특별시 강남구 논현로175길 25 다보빌딩 104호,37.525459,127.024507,historical_official_match,https://www.data.go.kr/data/15111405/fileData.do,false
media_2023_159,뱃고동,미확인,미확인,서울특별시 강남구 언주로172길 54,37.526811,127.035831,historical_official_match,https://www.data.go.kr/data/15111405/fileData.do,false
media_2023_160,순금이떡볶이 아차산점,미확인,미확인,서울특별시 광진구 자양로43길 43,37.552496,127.088035,historical_official_match,https://www.data.go.kr/data/15111405/fileData.do,false
media_2023_161,카와카츠 본점,미확인,미확인,서울특별시 마포구 동교로 126 1층 102호,37.5546817,126.9162152,historical_official_match,https://www.data.go.kr/data/15111405/fileData.do,false
media_2023_162,평안도 상원냉면,미확인,미확인,서울특별시 마포구 양화로 156,37.556081,126.921301,historical_official_match,https://www.data.go.kr/data/15111405/fileData.do,false
media_2023_163,도락,미확인,미확인,서울특별시 마포구 월드컵북로54길 17 사보이시티 지하 1층 B-132A,37.557123,126.976634,historical_official_match,https://www.data.go.kr/data/15111405/fileData.do,false
media_2023_164,양양메밀막국수,미확인,미확인,서울특별시 서초구 동광로15길 10 광원빌딩,37.492479,126.98608,historical_official_match,https://www.data.go.kr/data/15111405/fileData.do,false
media_2023_165,잠원떡볶이,미확인,미확인,서울특별시 서초구 잠원로4길 45,37.513133,127.008549,historical_official_match,https://www.data.go.kr/data/15111405/fileData.do,false
media_2023_166,원조호수삼계탕,미확인,미확인,서울특별시 영등포구 도림로 274-1,37.502618,126.902272,historical_official_match,https://www.data.go.kr/data/15111405/fileData.do,false
media_2023_167,한성옥해장국,미확인,미확인,서울특별시 용산구 백범로 283,37.539571,126.958783,historical_official_match,https://www.data.go.kr/data/15111405/fileData.do,false
media_2023_169,정동진 해수욕장,미확인,미확인,강원도 강릉시 강동면 정동역길 17,37.690805,129.03454,historical_official_match,https://www.data.go.kr/data/15111405/fileData.do,false
media_2023_170,낙산 해수욕장,미확인,미확인,강원도 양양군 강현면 해맞이길 59,38.1164806,128.63426,historical_official_match,https://www.data.go.kr/data/15111405/fileData.do,false
media_2023_172,스타벅스 청담스타R점,미확인,미확인,서울특별시 강남구 도산대로57길 24,37.525191,127.04179,historical_official_match,https://www.data.go.kr/data/15111405/fileData.do,false
media_2023_173,카페 플레노,미확인,미확인,서울특별시 강남구 선릉로 724,37.51927,127.040805,historical_official_match,https://www.data.go.kr/data/15111405/fileData.do,false
media_2023_174,커피101스트릿 강서자이타워점,미확인,미확인,서울특별시 강서구 양천로 401,37.564931,126.848918,historical_official_match,https://www.data.go.kr/data/15111405/fileData.do,false
media_2023_175,사육신역사공원,미확인,미확인,서울특별시 동작구 노량진로 191,37.513614,126.94858,historical_official_match,https://www.data.go.kr/data/15111405/fileData.do,false
media_2023_176,홍대 피아노카페,미확인,미확인,서울특별시 마포구 와우산로23길 18-5,37.553885,126.924449,historical_official_match,https://www.data.go.kr/data/15111405/fileData.do,false
media_2023_177,도미니칸조,미확인,미확인,서울특별시 마포구 월드컵북로 361,37.57709,126.891375,historical_official_match,https://www.data.go.kr/data/15111405/fileData.do,false
media_2023_178,북파크라운지,미확인,미확인,서울특별시 용산구 이태원로 294,37.540833,127.002233,historical_official_match,https://www.data.go.kr/data/15111405/fileData.do,false
media_2023_180,골목사이,미확인,미확인,경기도 성남시 분당구 분당로53번길 19,37.384597,127.122051,historical_official_match,https://www.data.go.kr/data/15111405/fileData.do,false
media_2023_184,만득이곱창,미확인,미확인,서울특별시 강남구 강남대로124길 3-8,37.509385,127.022909,historical_official_match,https://www.data.go.kr/data/15111405/fileData.do,false
media_2023_185,피자익스프레스,미확인,미확인,서울특별시 강남구 압구정로10길 28,37.521955,127.021889,historical_official_match,https://www.data.go.kr/data/15111405/fileData.do,false
media_2023_186,온더보더 코엑스도심공항점,미확인,미확인,서울특별시 강남구 테헤란로87길 22,37.509595,127.059436,historical_official_match,https://www.data.go.kr/data/15111405/fileData.do,false
media_2023_187,김태완스시 논현점,미확인,미확인,서울특별시 강남구 학동로2길 31,37.509391,127.023185,historical_official_match,https://www.data.go.kr/data/15111405/fileData.do,false
media_2023_188,32파르페 홍대점,미확인,미확인,서울특별시 마포구 잔다리로6길 39,37.552401,126.921336,historical_official_match,https://www.data.go.kr/data/15111405/fileData.do,false
media_2023_189,파이홀,미확인,미확인,서울특별시 서대문구 연세로5나길 20,37.557005,126.935043,historical_official_match,https://www.data.go.kr/data/15111405/fileData.do,false
media_2023_190,마크69,미확인,미확인,서울특별시 성동구 서울숲길 24,37.547891,127.03976,historical_official_match,https://www.data.go.kr/data/15111405/fileData.do,false
media_2023_193,건도리횟집,미확인,미확인,강원도 강릉시 창해로 427,37.79951,128.913606,historical_official_match,https://www.data.go.kr/data/15111405/fileData.do,false
media_2023_195,정든식당,미확인,미확인,강원도 속초시 번영로105번길 39,38.211726,128.587878,historical_official_match,https://www.data.go.kr/data/15111405/fileData.do,false
media_2023_196,시골집,미확인,미확인,경기도 광주시 남한산성면 남한산성로 398-13,37.459752,127.216003,historical_official_match,https://www.data.go.kr/data/15111405/fileData.do,false
media_2023_197,골목안채,미확인,미확인,경기도 남양주시 다산중앙로82번안길 131-32 수정빌라 1층,37.600901,127.136871,historical_official_match,https://www.data.go.kr/data/15111405/fileData.do,false
media_2023_202,교통부돼지국밥,미확인,미확인,부산광역시 부산진구 연지로 12-1,35.170834,129.05139,historical_official_match,https://www.data.go.kr/data/15111405/fileData.do,false
media_2023_212,미엘,미확인,미확인,서울특별시 강남구 도산대로67길 13-12 퍼즐하우스,37.5251522,127.043631,historical_official_match,https://www.data.go.kr/data/15111405/fileData.do,false
media_2023_214,스케줄청담,미확인,미확인,서울특별시 강남구 선릉로152길 37,37.524614,127.042665,historical_official_match,https://www.data.go.kr/data/15111405/fileData.do,false
media_2023_217,아이엠씨,미확인,미확인,서울특별시 강남구 압구정로 461 지하 106호,37.525221,127.04722,historical_official_match,https://www.data.go.kr/data/15111405/fileData.do,false
media_2023_218,오엔,미확인,미확인,서울특별시 강남구 압구정로11길 37-20,37.527754,127.019479,historical_official_match,https://www.data.go.kr/data/15111405/fileData.do,false
media_2023_219,누앙스,미확인,미확인,서울특별시 강남구 압구정로72길 7,37.52602,127.045286,historical_official_match,https://www.data.go.kr/data/15111405/fileData.do,false
media_2023_221,닭으로가 압구정본점,미확인,미확인,서울특별시 강남구 언주로172길 55,37.526902,127.038409,historical_official_match,https://www.data.go.kr/data/15111405/fileData.do,false
media_2023_222,영미오리탕,미확인,미확인,서울특별시 광진구 동일로60길 53,37.557649,127.076265,historical_official_match,https://www.data.go.kr/data/15111405/fileData.do,false
media_2023_224,콩카페,미확인,미확인,서울특별시 마포구 성미산로 161-14,37.56534,126.9237,historical_official_match,https://www.data.go.kr/data/15111405/fileData.do,false
media_2023_225,마루심,미확인,미확인,서울특별시 서초구 고무래로10길 10 청구빌딩 1층,37.501861,127.0104507,historical_official_match,https://www.data.go.kr/data/15111405/fileData.do,false
media_2023_226,서울맛집,미확인,미확인,서울특별시 성동구 성덕정15길 6-9,37.538248,127.053935,historical_official_match,https://www.data.go.kr/data/15111405/fileData.do,false
media_2023_231,영화루,미확인,미확인,서울특별시 종로구 자하문로7길 65,37.5801015,126.9690071,historical_official_match,https://www.data.go.kr/data/15111405/fileData.do,false
media_2023_241,오퐁드부아,미확인,미확인,대구광역시 달성군 가창면 주리2길 104,35.75257,128.618204,historical_official_match,https://www.data.go.kr/data/15111405/fileData.do,false
media_2023_242,유성온천공원 족욕체험장,미확인,미확인,대전광역시 유성구 봉명동,36.355149,127.344622,historical_official_match,https://www.data.go.kr/data/15111405/fileData.do,false
media_2023_243,정통집 강남직영점,미확인,미확인,서울특별시 강남구 강남대로96길 13 2층,37.499914,127.028086,historical_official_match,https://www.data.go.kr/data/15111405/fileData.do,false
media_2023_244,사이드쇼,미확인,미확인,서울특별시 강남구 봉은사로 524 코엑스인터콘티넨탈서울,37.512502,127.058796,historical_official_match,https://www.data.go.kr/data/15111405/fileData.do,false
media_2023_245,샤브쌈주머니 서울강남점,미확인,미확인,서울특별시 강남구 테헤란로5길 11 지하 1층,37.499518,127.02932,historical_official_match,https://www.data.go.kr/data/15111405/fileData.do,false
media_2023_247,미세노센세,미확인,미확인,대전광역시 서구 계룡로553번안길 65 웨스턴빌딩 1층 102호,36.3460832,127.3888826,historical_official_match,https://www.data.go.kr/data/15111405/fileData.do,false
media_2023_249,온정돈까스 본점,미확인,미확인,서울특별시 관악구 조원로 60,37.483741,126.909127,historical_official_match,https://www.data.go.kr/data/15111405/fileData.do,false
media_2023_252,미정이네식당,미확인,미확인,서울특별시 성동구 성덕정15길 6-5,37.5380871,127.0538188,historical_official_match,https://www.data.go.kr/data/15111405/fileData.do,false
media_2023_254,옥천매운족발,미확인,미확인,서울특별시 종로구 종로51나길 23 1층,37.5731318,127.0115462,historical_official_match,https://www.data.go.kr/data/15111405/fileData.do,false
media_2023_257,대릉원 흑백 사진관,미확인,미확인,경상북도 경주시 포석로 1081,35.83757,129.209649,historical_official_match,https://www.data.go.kr/data/15111405/fileData.do,false
media_2023_259,금당산,미확인,미확인,광주광역시 서구 풍암순환로128번길 86,35.116044,126.887915,historical_official_match,https://www.data.go.kr/data/15111405/fileData.do,false
media_2023_260,구씨네매운집 본점,미확인,미확인,서울특별시 구로구 공원로6나길 17-2,37.503993,126.890884,historical_official_match,https://www.data.go.kr/data/15111405/fileData.do,false
media_2023_261,신도림 피맥,미확인,미확인,서울특별시 구로구 구로동 공원로6다길 10,37.504477,126.889842,historical_official_match,https://www.data.go.kr/data/15111405/fileData.do,false
media_2023_263,쟁반집8292 홍대점,미확인,미확인,서울특별시 마포구 서교동 와우산로29길 66,37.55629,126.926638,historical_official_match,https://www.data.go.kr/data/15111405/fileData.do,false
media_2023_264,우면산,미확인,미확인,서울특별시 서초구 우면동 산 36,37.470763,127.008843,historical_official_match,https://www.data.go.kr/data/15111405/fileData.do,false
media_2023_265,여의도공원,미확인,미확인,서울특별시 영등포구 여의공원로 68,37.5281241,126.925754,historical_official_match,https://www.data.go.kr/data/15111405/fileData.do,false
media_2023_266,호우양꼬치본점,미확인,미확인,서울특별시 영등포구 영등포동 영중로10길 6,37.519105,126.906162,historical_official_match,https://www.data.go.kr/data/15111405/fileData.do,false
media_2023_267,남도분식 서촌점,미확인,미확인,서울특별시 종로구 옥인2길 2,37.580907,126.966935,historical_official_match,https://www.data.go.kr/data/15111405/fileData.do,false
media_2023_268,모스버거 명동중앙점,미확인,미확인,서울특별시 중구 명동9길 37,37.565389,126.984073,historical_official_match,https://www.data.go.kr/data/15111405/fileData.do,false
media_2023_269,배재학당역사박물관,미확인,미확인,서울특별시 중구 서소문로11길 19 배재정동빌딩 동관,37.563981,126.972602,historical_official_match,https://www.data.go.kr/data/15111405/fileData.do,false
media_2023_270,보리나라 학원농장,미확인,미확인,전라북도 고창군 공음면 학원농장길 154,35.37545,126.542953,historical_official_match,https://www.data.go.kr/data/15111405/fileData.do,false
media_2023_272,허브빌리지,미확인,미확인,경기도 연천군 왕징면 북삼리 222,38.088324,127.00527,historical_official_match,https://www.data.go.kr/data/15111405/fileData.do,false
media_2023_281,더달달,미확인,미확인,서울특별시 강남구 강남대로102길 38-6,37.503145,127.028419,historical_official_match,https://www.data.go.kr/data/15111405/fileData.do,false
media_2023_282,인량훠궈,미확인,미확인,서울특별시 강남구 강남대로140길 9 비피유빌딩 지하1층,37.513933,127.021252,historical_official_match,https://www.data.go.kr/data/15111405/fileData.do,false
media_2023_283,볼피노,미확인,미확인,서울특별시 강남구 도산대로45길 10-7 신사동K빌딩 1층,37.523491,127.036417,historical_official_match,https://www.data.go.kr/data/15111405/fileData.do,false
media_2023_286,플랫폼엘,미확인,미확인,서울특별시 강남구 언주로133길 11,37.516109,127.0343,historical_official_match,https://www.data.go.kr/data/15111405/fileData.do,false
media_2023_288,엘림들깨수제비칼국수,미확인,미확인,서울특별시 강북구 삼각산로 67,37.639943,127.011794,historical_official_match,https://www.data.go.kr/data/15111405/fileData.do,false
media_2023_293,Scene,미확인,미확인,서울특별시 성동구 연무장5길 20,37.544745,127.05341,historical_official_match,https://www.data.go.kr/data/15111405/fileData.do,false
media_2023_299,용마랜드,미확인,미확인,서울특별시 중랑구 망우로70길 118,37.594468,127.105556,historical_official_match,https://www.data.go.kr/data/15111405/fileData.do,false
media_2023_301,꽃돌게장1번가,미확인,미확인,전라남도 여수시 봉산2로 36,34.733036,127.726162,historical_official_match,https://www.data.go.kr/data/15111405/fileData.do,false
media_2023_304,당당,미확인,미확인,제주특별자치도 제주시 애월읍 중엄안1길 25,33.474412,126.370997,historical_official_match,https://www.data.go.kr/data/15111405/fileData.do,false
media_2023_307,보영만두 북문본점,미확인,미확인,경기도 수원시 장안구 팔달로 271,37.289556,127.040887,historical_official_match,https://www.data.go.kr/data/15111405/fileData.do,false
media_2023_311,인디어라운드,미확인,미확인,경기도 이천시 이섭대천로941번길 49-44,37.252599,127.438882,historical_official_match,https://www.data.go.kr/data/15111405/fileData.do,false
media_2023_312,춘식당,미확인,미확인,서울특별시 강남구 도산대로23길 17,37.520127,127.025924,historical_official_match,https://www.data.go.kr/data/15111405/fileData.do,false
media_2023_313,브라이드앤유,미확인,미확인,서울특별시 강남구 선릉로158길 9 1층,37.525779,127.046712,historical_official_match,https://www.data.go.kr/data/15111405/fileData.do,false
media_2023_314,경기떡집 롯데백화점본점,미확인,미확인,서울특별시 중구 남대문로 81 롯데백화점 지하1층,37.564853,126.981899,historical_official_match,https://www.data.go.kr/data/15111405/fileData.do,false
media_2023_315,풍차맛집 (레인보우),미확인,미확인,제주특별자치도 서귀포시 칠십리로 203,33.246926,126.574242,historical_official_match,https://www.data.go.kr/data/15111405/fileData.do,false
media_2023_316,알로하서프,미확인,미확인,강원도 강릉시 옥계면 헌화로 221-4,37.635477,129.044679,historical_official_match,https://www.data.go.kr/data/15111405/fileData.do,false
media_2023_317,아난티 펜트하우스 서울,미확인,미확인,경기도 가평군 설악면 유명로 1007-90,37.624977,127.480373,historical_official_match,https://www.data.go.kr/data/15111405/fileData.do,false
media_2023_318,오페라 디바스,미확인,미확인,경기도 고양시 덕양구 행주산성로 141,37.59965,126.81624,historical_official_match,https://www.data.go.kr/data/15111405/fileData.do,false
media_2023_319,경도미야꼬우동,미확인,미확인,대구광역시 중구 명덕로 315,35.85543,128.604871,historical_official_match,https://www.data.go.kr/data/15111405/fileData.do,false
media_2023_320,피제리아라르도,미확인,미확인,부산광역시 해운대구 좌동순환로433번길 38-37,35.161788,129.178559,historical_official_match,https://www.data.go.kr/data/15111405/fileData.do,false
media_2023_321,벽돌해피푸드 압구정점,미확인,미확인,서울특별시 강남구 도산대로51길 36,37.525452,127.038186,historical_official_match,https://www.data.go.kr/data/15111405/fileData.do,false
media_2023_322,더페이머스버거 홍대점,미확인,미확인,서울특별시 마포구 잔다리로3안길 24,37.516959,127.020845,historical_official_match,https://www.data.go.kr/data/15111405/fileData.do,false
media_2023_323,오클리먼33바버샵 잠실점,미확인,미확인,서울특별시 송파구 석촌호수로 230,37.507334,127.10228,historical_official_match,https://www.data.go.kr/data/15111405/fileData.do,false
media_2023_324,신안 증도,미확인,미확인,전라남도 신안군 증도면,35.013957,126.146501,historical_official_match,https://www.data.go.kr/data/15111405/fileData.do,false
media_2023_326,김녕해수욕장,미확인,미확인,제주특별자치도 제주시 구좌읍 해맞이해안로 7-6,33.557718,126.75956,historical_official_match,https://www.data.go.kr/data/15111405/fileData.do,false
media_2023_327,보말이야기,미확인,미확인,제주특별자치도 제주시 한림읍 비양도길 27 1층,33.406273,126.229246,historical_official_match,https://www.data.go.kr/data/15111405/fileData.do,false
media_2023_329,캠퍼트리 호텔앤리조트,미확인,미확인,제주특별자치도 제주시 해안마을서 4길 100,33.452811,126.450702,historical_official_match,https://www.data.go.kr/data/15111405/fileData.do,false
media_2023_374,예티,미확인,미확인,서울특별시 마포구 와우산로18길 20,37.5509549,126.923983,historical_official_match,https://www.data.go.kr/data/15111405/fileData.do,false
media_2023_341,울트라곱창,미확인,미확인,서울특별시 광진구 동일로24길 95-1,37.542455,127.070315,historical_official_match,https://www.data.go.kr/data/15111405/fileData.do,false
media_2023_343,낙지머근하누,미확인,미확인,서울특별시 동대문구 장한로26가길 81,37.568284,127.070228,historical_official_match,https://www.data.go.kr/data/15111405/fileData.do,false
media_2023_352,한옥김밥,미확인,미확인,전라북도 전주시 완산구 경기전길 127,35.813722,127.151389,historical_official_match,https://www.data.go.kr/data/15111405/fileData.do,false
media_2023_356,가람,미확인,미확인,전라북도 전주시 완산구 홍산1길 8,35.814834,127.107785,historical_official_match,https://www.data.go.kr/data/15111405/fileData.do,false
media_2023_358,가연,미확인,미확인,충청북도 단양군 단양읍 삼봉로 87,36.979156,128.353297,historical_official_match,https://www.data.go.kr/data/15111405/fileData.do,false
media_2023_359,가평빠지 모비딕 수상레저,미확인,미확인,경기도 가평군 가평읍 북한강변로 536,37.773513,127.535304,historical_official_match,https://www.data.go.kr/data/15111405/fileData.do,false
media_2023_361,지대루참숯왕소금구이,미확인,미확인,부산광역시 금정구 식물원로 28,35.224828,129.085266,historical_official_match,https://www.data.go.kr/data/15111405/fileData.do,false
media_2023_362,돌솟해물뼈찜 본점,미확인,미확인,부산광역시 사상구 사상로 180,35.161452,128.985621,historical_official_match,https://www.data.go.kr/data/15111405/fileData.do,false
media_2023_364,유쾌한접시 논현점,미확인,미확인,서울특별시 강남구 강남대로 122길 20,37.505731,127.026053,historical_official_match,https://www.data.go.kr/data/15111405/fileData.do,false
media_2023_365,오장동본가면옥,미확인,미확인,서울특별시 강서구 마곡동로 55,37.56036,126.833171,historical_official_match,https://www.data.go.kr/data/15111405/fileData.do,false
media_2023_366,이미커피,미확인,미확인,서울특별시 마포구 동교로25길 7,37.851097,127.143475,historical_official_match,https://www.data.go.kr/data/15111405/fileData.do,false
media_2023_367,부야스곱창 홍대본점,미확인,미확인,서울특별시 마포구 어울마당로 136-13,37.555746,126.925688,historical_official_match,https://www.data.go.kr/data/15111405/fileData.do,false
media_2023_368,수연산방,미확인,미확인,서울특별시 성북구 성북로 26길 8,37.595028,126.994849,historical_official_match,https://www.data.go.kr/data/15111405/fileData.do,false
media_2023_369,롤캣,미확인,미확인,인천광역시 미추홀구 독배로 443 지하1층,37.458812,126.648196,historical_official_match,https://www.data.go.kr/data/15111405/fileData.do,false
media_2023_370,월척수산 본점,미확인,미확인,제주특별자치도 제주시 동한두기길 42-1,33.515827,126.515104,historical_official_match,https://www.data.go.kr/data/15111405/fileData.do,false
media_2023_372,허밍벨라,미확인,미확인,서울특별시 마포구 독막로7길 57,37.550316,126.919926,historical_official_match,https://www.data.go.kr/data/15111405/fileData.do,false
media_2023_373,밥장인돼지찌개 홍대점,미확인,미확인,서울특별시 마포구 양화로 18안길 16,37.556695,126.925432,historical_official_match,https://www.data.go.kr/data/15111405/fileData.do,false
media_2023_375,델리카테슨,미확인,미확인,서울특별시 마포구 토정로3길 19,37.546583,126.914332,historical_official_match,https://www.data.go.kr/data/15111405/fileData.do,false
media_2023_376,마라토끼 양재점,미확인,미확인,서울특별시 서초구 마방로6길 7-46,37.476117,127.043494,historical_official_match,https://www.data.go.kr/data/15111405/fileData.do,false
media_2023_377,브루클린 더 버거조인트,미확인,미확인,서울특별시 서초구 서래로2길 27,37.496061,126.999716,historical_official_match,https://www.data.go.kr/data/15111405/fileData.do,false
media_2023_378,갓잇 송리단길점,미확인,미확인,서울특별시 송파구 백제고분로45길 4-14,37.509625,127.111316,historical_official_match,https://www.data.go.kr/data/15111405/fileData.do,false
media_2023_379,피규어뮤지엄 제주,미확인,미확인,제주특별자치도 서귀포시 안덕면 한창로 243,33.281902,126.355232,historical_official_match,https://www.data.go.kr/data/15111405/fileData.do,false
media_2023_380,사우스바운더,미확인,미확인,제주특별자치도 서귀포시 예래로 33,33.25656,126.402451,historical_official_match,https://www.data.go.kr/data/15111405/fileData.do,false
media_2023_381,일미집,미확인,미확인,서울특별시 용산구 후암로 1-1,37.5461092,126.9782559,historical_official_match,https://www.data.go.kr/data/15111405/fileData.do,false
media_2023_382,진관사,미확인,미확인,서울특별시 은평구 진관길 73,37.638137,126.9466,historical_official_match,https://www.data.go.kr/data/15111405/fileData.do,false
media_2023_383,사발,미확인,미확인,서울특별시 종로구 사직로8길 34 경희궁의아침 3단지 142호,37.5737579,126.9723299,historical_official_match,https://www.data.go.kr/data/15111405/fileData.do,false
media_2023_385,서우봉,미확인,미확인,제주특별자치도 제주시 조천읍 함덕리 169-3,33.545494,126.6776,historical_official_match,https://www.data.go.kr/data/15111405/fileData.do,false
media_2023_386,금능 해수욕장,미확인,미확인,제주특별자치도 제주시 한림읍 금능길 119-10,33.389908,126.235373,historical_official_match,https://www.data.go.kr/data/15111405/fileData.do,false
media_2023_388,대천항,미확인,미확인,충청남도 보령시 대천항중앙길 30,36.327478,126.509909,historical_official_match,https://www.data.go.kr/data/15111405/fileData.do,false
media_2023_389,키마리스,미확인,미확인,경상남도 남해군 창선면 흥선로 1671-15,34.837617,128.049645,historical_official_match,https://www.data.go.kr/data/15111405/fileData.do,false
media_2023_391,H에비뉴 건대점,미확인,미확인,서울특별시 광진구 동일로 156,37.546072,127.066506,historical_official_match,https://www.data.go.kr/data/15111405/fileData.do,false
media_2023_392,문래 창작촌,미확인,미확인,서울특별시 영등포구 도림로128가길 13-8,37.514143,126.897413,historical_official_match,https://www.data.go.kr/data/15111405/fileData.do,false
media_2023_394,제주중문관광단지,미확인,미확인,제주특별자치도 서귀포시 중문관광로 306,33.248651,126.41244,historical_official_match,https://www.data.go.kr/data/15111405/fileData.do,false
media_2023_395,황간휴게소(부산방향),미확인,미확인,충청북도 영동군 황간면 회포길 102,36.2489,127.852667,historical_official_match,https://www.data.go.kr/data/15111405/fileData.do,false
media_2023_396,코리아 짚와이어,미확인,미확인,경상남도 하동군 금남면 경충로 493-9,34.98247,127.895974,historical_official_match,https://www.data.go.kr/data/15111405/fileData.do,false
media_2023_397,하동 십리 벚꽃길,미확인,미확인,경상남도 하동군 화개면 화개로 142,35.199757,127.629732,historical_official_match,https://www.data.go.kr/data/15111405/fileData.do,false
media_2023_398,지리산 벚꽃 카라반 캠핑장,미확인,미확인,경상남도 하동군 화개면 화개로 946-8,35.262516,127.636385,historical_official_match,https://www.data.go.kr/data/15111405/fileData.do,false
media_2023_399,카페멘덜리,미확인,미확인,서울특별시 강북구 수유로 18,37.632451,127.01881,historical_official_match,https://www.data.go.kr/data/15111405/fileData.do,false
media_2023_400,루프탑 카페하루,미확인,미확인,서울특별시 서대문구 수색로 134-5,37.574824,126.905949,historical_official_match,https://www.data.go.kr/data/15111405/fileData.do,false
media_2023_402,을지로 백만불식품,미확인,미확인,"서울특별시 중구 창경궁로 5길 34-12 1,2층",37.567447,126.996039,historical_official_match,https://www.data.go.kr/data/15111405/fileData.do,false
media_2023_403,정동심곡 바다부채길,미확인,미확인,강원도 강릉시 강동면 심곡리 114-3,37.682086,129.046346,historical_official_match,https://www.data.go.kr/data/15111405/fileData.do,false
media_2023_404,엠꼼마카롱,미확인,미확인,강원도 강릉시 경강로 2115번길 15,37.756905,128.896734,historical_official_match,https://www.data.go.kr/data/15111405/fileData.do,false
media_2023_407,금강산대게횟집,미확인,미확인,강원도 양양군 강현면 해맞이길 8-5,38.120139,128.63069,historical_official_match,https://www.data.go.kr/data/15111405/fileData.do,false
media_2023_410,제이드가든,미확인,미확인,강원도 춘천시 남산면 햇골길 80,37.834632,127.53786,historical_official_match,https://www.data.go.kr/data/15111405/fileData.do,false
media_2023_412,소양강댐 물 문화관,미확인,미확인,강원도 춘천시 신북읍 신샘밭로 1128,37.948893,127.815032,historical_official_match,https://www.data.go.kr/data/15111405/fileData.do,false
media_2023_413,어스17,미확인,미확인,강원도 춘천시 신북읍 천전리 34-5,37.9327605,127.793932,historical_official_match,https://www.data.go.kr/data/15111405/fileData.do,false
media_2023_417,효교,미확인,미확인,경기도 고양시 일산동구 일산로380번길 41,37.670459,126.783068,historical_official_match,https://www.data.go.kr/data/15111405/fileData.do,false
media_2023_418,포러데이 팔당,미확인,미확인,경기도 남양주시 와부읍 경강로926번길 8-7,37.556388,127.236356,historical_official_match,https://www.data.go.kr/data/15111405/fileData.do,false
media_2023_419,일영역,미확인,미확인,경기도 양주시 장흥면 일영로647번길 25,37.700649,128.790479,historical_official_match,https://www.data.go.kr/data/15111405/fileData.do,false
media_2023_429,검단산,미확인,미확인,경기도 하남시 배알미동 산 13-6,37.521492,127.247106,historical_official_match,https://www.data.go.kr/data/15111405/fileData.do,false
media_2023_432,월정교,미확인,미확인,경상북도 경주시 교동 274,35.829222,129.218045,historical_official_match,https://www.data.go.kr/data/15111405/fileData.do,false
media_2023_439,달성공원,미확인,미확인,대구광역시 중구 달성공원로 35 달성공원,35.874006,128.578096,historical_official_match,https://www.data.go.kr/data/15111405/fileData.do,false
media_2023_440,용문각,미확인,미확인,부산광역시 금정구 금사로 149,35.225153,129.115574,historical_official_match,https://www.data.go.kr/data/15111405/fileData.do,false
media_2023_441,맛나분식,미확인,미확인,부산광역시 금정구 서동시장길 42-4,35.155658,129.058159,historical_official_match,https://www.data.go.kr/data/15111405/fileData.do,false
media_2023_442,오륙도,미확인,미확인,부산광역시 남구 용호동 936-941,35.098046,129.123975,historical_official_match,https://www.data.go.kr/data/15111405/fileData.do,false
media_2023_445,콘피오,미확인,미확인,부산광역시 부산진구 성지로8번길 33,35.171967,129.057761,historical_official_match,https://www.data.go.kr/data/15111405/fileData.do,false
media_2023_457,듀자미,미확인,미확인,서울특별시 강남구 도산대로 11길 28,37.519338,127.022595,historical_official_match,https://www.data.go.kr/data/15111405/fileData.do,false
media_2023_460,유정식당,미확인,미확인,서울특별시 강남구 도산대로28길 14,37.51835,127.028103,historical_official_match,https://www.data.go.kr/data/15111405/fileData.do,false
media_2023_461,우가,미확인,미확인,서울특별시 강남구 도산대로49길 22 B1,37.524327,127.037348,historical_official_match,https://www.data.go.kr/data/15111405/fileData.do,false
media_2023_464,벨뷰,미확인,미확인,서울특별시 강남구 선릉로 152길 30,37.524274,127.042647,historical_official_match,https://www.data.go.kr/data/15111405/fileData.do,false
media_2023_468,우돈청,미확인,미확인,서울특별시 강남구 언주로 170길 37,37.526605,127.036664,historical_official_match,https://www.data.go.kr/data/15111405/fileData.do,false
media_2023_473,돝고기506,미확인,미확인,서울특별시 강남구 역삼로17길 53,37.498188,127.036223,historical_official_match,https://www.data.go.kr/data/15111405/fileData.do,false
media_2023_479,화랑대 철도공원,미확인,미확인,서울특별시 노원구 공릉동 29-51,37.62436,127.093182,historical_official_match,https://www.data.go.kr/data/15111405/fileData.do,false
media_2023_480,서울시립 북서울미술관,미확인,미확인,서울특별시 노원구 동일로 1238,37.640757,127.066803,historical_official_match,https://www.data.go.kr/data/15111405/fileData.do,false
media_2023_489,목란,미확인,미확인,서울특별시 서대문구 연희로15길 21,37.5683426,126.9304738,historical_official_match,https://www.data.go.kr/data/15111405/fileData.do,false
media_2023_491,길상도예,미확인,미확인,서울특별시 서초구 강남대로39길 15-9 101호,37.48574,127.03241,historical_official_match,https://www.data.go.kr/data/15111405/fileData.do,false
media_2023_495,본앤브레드,미확인,미확인,서울특별시 성동구 마장로42길 1,37.566725,127.044522,historical_official_match,https://www.data.go.kr/data/15111405/fileData.do,false
media_2023_499,오쓰세이로무시,미확인,미확인,서울특별시 송파구 백제고분로45길 30 미석빌딩 1층 1호,37.510426,127.108489,historical_official_match,https://www.data.go.kr/data/15111405/fileData.do,false
media_2023_500,함경도찹쌀순대,미확인,미확인,서울특별시 송파구 송파대로28길 32,37.494668,127.121362,historical_official_match,https://www.data.go.kr/data/15111405/fileData.do,false
media_2023_502,석촌호수,미확인,미확인,서울특별시 송파구 잠실동 47,37.509919,127.10298,historical_official_match,https://www.data.go.kr/data/15111405/fileData.do,false
media_2023_508,노들섬,미확인,미확인,서울특별시 용산구 양녕로 445,37.5181029,126.957064,historical_official_match,https://www.data.go.kr/data/15111405/fileData.do,false
media_2023_513,학고재,미확인,미확인,서울특별시 종로구 삼청로 50,37.580467,126.980297,historical_official_match,https://www.data.go.kr/data/15111405/fileData.do,false
media_2023_516,대선칼국수,미확인,미확인,서울특별시 종로구 자하문로4길 6,37.577153,126.972657,historical_official_match,https://www.data.go.kr/data/15111405/fileData.do,false
media_2023_522,덕수궁 돌담길,미확인,미확인,서울특별시 중구 세종대로 99,37.565924,126.97501,historical_official_match,https://www.data.go.kr/data/15111405/fileData.do,false
media_2023_525,피크닉,미확인,미확인,서울특별시 중구 퇴계로6가길 30,37.556933,126.97811,historical_official_match,https://www.data.go.kr/data/15111405/fileData.do,false
media_2023_527,월미도,미확인,미확인,인천광역시 중구 북성동1가 산 1,37.475466,126.597801,historical_official_match,https://www.data.go.kr/data/15111405/fileData.do,false
media_2023_529,소쇄원,미확인,미확인,전라남도 담양군 가사문학면 소쇄원길 17,35.184292,127.012135,historical_official_match,https://www.data.go.kr/data/15111405/fileData.do,false
media_2023_535,새만금홍보관,미확인,미확인,전라북도 부안군 변산면 새만금로 6,35.697106,126.559206,historical_official_match,https://www.data.go.kr/data/15111405/fileData.do,false
media_2023_538,아원,미확인,미확인,전라북도 완주군 소양면 송광수만로 516-7,35.903446,127.244641,historical_official_match,https://www.data.go.kr/data/15111405/fileData.do,false
media_2023_539,전주드림랜드,미확인,미확인,전라북도 전주시 덕진구 소리로 68,35.857523,127.145143,historical_official_match,https://www.data.go.kr/data/15111405/fileData.do,false
media_2023_540,호남각,미확인,미확인,전라북도 전주시 덕진구 송천동2가 560-3,35.865018,127.113707,historical_official_match,https://www.data.go.kr/data/15111405/fileData.do,false
media_2023_542,전주전통술박물관,미확인,미확인,전라북도 전주시 완산구 한지길 74,35.817007,127.153499,historical_official_match,https://www.data.go.kr/data/15111405/fileData.do,false
media_2023_543,외돌개,미확인,미확인,제주특별자치도 서귀포시 서홍동 791,33.239982,126.545446,historical_official_match,https://www.data.go.kr/data/15111405/fileData.do,false
media_2023_546,유리네식당,미확인,미확인,제주특별자치도 제주시 연북로 146,33.481385,126.497261,historical_official_match,https://www.data.go.kr/data/15111405/fileData.do,false
media_2023_550,다람쥐식탁,미확인,미확인,제주특별자치도 제주시 한림읍 명월성로 10 1층,33.40783,126.265766,historical_official_match,https://www.data.go.kr/data/15111405/fileData.do,false
media_2023_551,문쏘 제주협재점,미확인,미확인,제주특별자치도 제주시 한림읍 한림상로 15-5,33.405621,126.256687,historical_official_match,https://www.data.go.kr/data/15111405/fileData.do,false
media_2023_594,속초가,미확인,미확인,서울특별시 광진구 용마산로1길 65,37.555742,127.084999,historical_official_match,https://www.data.go.kr/data/15111405/fileData.do,false
media_2023_556,카페 대너리스,미확인,미확인,경기도 남양주시 조안면 북한강로 914,37.5974684,127.3390226,historical_official_match,https://www.data.go.kr/data/15111405/fileData.do,false
media_2023_557,어사출또 역곡역점,미확인,미확인,경기도 부천시 역곡로 24 1층,37.4874761,126.8088767,historical_official_match,https://www.data.go.kr/data/15111405/fileData.do,false
media_2023_559,Deazit,미확인,미확인,경기도 양주시 장흥면 북한산로 848-5,37.6975028,126.9676374,historical_official_match,https://www.data.go.kr/data/15111405/fileData.do,false
media_2023_560,중리숯불막창식당,미확인,미확인,대구광역시 서구 와룡로72길 71,35.8650897,128.5433482,historical_official_match,https://www.data.go.kr/data/15111405/fileData.do,false
media_2023_562,영미네곱창 본점,미확인,미확인,서울특별시 중구 마장로9길 38,37.6608826,127.0042027,historical_official_match,https://www.data.go.kr/data/15111405/fileData.do,false
media_2023_563,토크라피,미확인,미확인,인천광역시 강화군 화도면 해안남로1691번길 43-12,37.5934838,126.4358688,historical_official_match,https://www.data.go.kr/data/15111405/fileData.do,false
media_2023_564,국제식당,미확인,미확인,인천광역시 미추홀구 경인남길30번길 45-2,37.452045,126.657071,historical_official_match,https://www.data.go.kr/data/15111405/fileData.do,false
media_2023_565,낭만포차38번 낭만여장부,미확인,미확인,전라남도 여수시 여수시민로 8 1층,34.7367512,127.7470476,historical_official_match,https://www.data.go.kr/data/15111405/fileData.do,false
media_2023_566,돈고팡 제주공항본점,미확인,미확인,제주특별자치도 제주시 서해안로 248,33.5089175,126.472305,historical_official_match,https://www.data.go.kr/data/15111405/fileData.do,false
media_2023_567,오늘도 회는 뜬다,미확인,미확인,제주특별자치도 제주시 조천읍 함덕13길 1-1,33.5416012,126.6654291,historical_official_match,https://www.data.go.kr/data/15111405/fileData.do,false
media_2023_568,CASA DEL AYA,미확인,미확인,강원도 고성군 토성면 아야진해변길 19,38.268267,128.555849,historical_official_match,https://www.data.go.kr/data/15111405/fileData.do,false
media_2023_569,각두골,미확인,미확인,강원도 양양군 서면 설악로 1111-10,38.075008,128.473099,historical_official_match,https://www.data.go.kr/data/15111405/fileData.do,false
media_2023_576,난지한강공원,미확인,미확인,서울특별시 마포구 한강난지로 162,37.564486,126.87945,historical_official_match,https://www.data.go.kr/data/15111405/fileData.do,false
media_2023_578,명랑스낵,미확인,미확인,제주특별자치도 제주시 한림읍 한림로 585,33.409284,126.258829,historical_official_match,https://www.data.go.kr/data/15111405/fileData.do,false
media_2023_579,학교가는길,미확인,미확인,경기도 부천시 지봉로34번길 38,37.485473,126.806977,historical_official_match,https://www.data.go.kr/data/15111405/fileData.do,false
media_2023_580,국미당,미확인,미확인,서울특별시 강남구 남부순환로359길 19,37.486112,127.036217,historical_official_match,https://www.data.go.kr/data/15111405/fileData.do,false
media_2023_581,골드피쉬 딤섬퀴진,미확인,미확인,"서울특별시 강남구 압구정로48길 35, 2층",37.52602,127.037078,historical_official_match,https://www.data.go.kr/data/15111405/fileData.do,false
media_2023_582,반룡산,미확인,미확인,서울특별시 강남구 테헤란로78길 26 1층,37.5044731,127.055795,historical_official_match,https://www.data.go.kr/data/15111405/fileData.do,false
media_2023_584,계동 이잌,미확인,미확인,서울특별시 종로구 북촌로4길 28,37.579206,126.986615,historical_official_match,https://www.data.go.kr/data/15111405/fileData.do,false
media_2023_585,청진옥,미확인,미확인,서울특별시 종로구 종로3길 32,37.5716911,126.9794619,historical_official_match,https://www.data.go.kr/data/15111405/fileData.do,false
media_2023_587,명태덕장,미확인,미확인,경기도 김포시 김포한강11로331번길 137,37.660797,126.680877,historical_official_match,https://www.data.go.kr/data/15111405/fileData.do,false
media_2023_588,묵호문어집,미확인,미확인,경상북도 영주시 영주로224번길 8,36.825469,128.623837,historical_official_match,https://www.data.go.kr/data/15111405/fileData.do,false
media_2023_589,부산사직종합운동장사직야구장,미확인,미확인,부산광역시 동래구 사직로 45,35.193917,129.061529,historical_official_match,https://www.data.go.kr/data/15111405/fileData.do,false
media_2023_591,하진이네,미확인,미확인,부산광역시 해운대구 청사포로 151,35.1619851,129.194016,historical_official_match,https://www.data.go.kr/data/15111405/fileData.do,false
media_2023_592,해운대 속씨원한대구탕 해운대점,미확인,미확인,부산광역시 해운대구 해운대로570번길 11 2층,37.689736,128.753045,historical_official_match,https://www.data.go.kr/data/15111405/fileData.do,false
media_2023_593,고래불 역삼본점,미확인,미확인,서울특별시 강남구 논현로79길 62 백악빌딩 1층,37.4962666,127.0339938,historical_official_match,https://www.data.go.kr/data/15111405/fileData.do,false
media_2023_595,마포원조떡볶이,미확인,미확인,서울특별시 마포구 도화2길 3,37.5402803,126.9487861,historical_official_match,https://www.data.go.kr/data/15111405/fileData.do,false
media_2023_597,밀도 성수점,미확인,미확인,서울특별시 성동구 왕십리로 96 1층,37.546254,127.044859,historical_official_match,https://www.data.go.kr/data/15111405/fileData.do,false
media_2023_601,정돈,미확인,미확인,서울특별시 종로구 대학로9길 12 지하1층,37.581767,127.001074,historical_official_match,https://www.data.go.kr/data/15111405/fileData.do,false
media_2023_602,조선 김밥,미확인,미확인,서울특별시 종로구 율곡로 3길 68,37.578575,126.982182,historical_official_match,https://www.data.go.kr/data/15111405/fileData.do,false
media_2023_603,안즈,미확인,미확인,서울특별시 중구 을지로 5길 19 페럼타워빌딩 지하1층,37.567152,126.983976,historical_official_match,https://www.data.go.kr/data/15111405/fileData.do,false
media_2023_604,MONKEY볼링센터,미확인,미확인,서울특별시 중구 장충단로 253 헬로우APM,37.567484,127.008048,historical_official_match,https://www.data.go.kr/data/15111405/fileData.do,false
media_2023_605,짜장면박물관,미확인,미확인,인천광역시 중구 차이나타운로 56-14,37.47484,126.61823,historical_official_match,https://www.data.go.kr/data/15111405/fileData.do,false
media_2023_606,위촌리전통한우,미확인,미확인,강원도 강릉시 성산면 소목길 203-10,37.753553,128.847332,historical_official_match,https://www.data.go.kr/data/15111405/fileData.do,false
media_2023_608,대관령 하늘목장,미확인,미확인,강원도 평창군 대관령면 꽃밭양지길 458-23,37.705564,128.720685,historical_official_match,https://www.data.go.kr/data/15111405/fileData.do,false
media_2023_609,오션월드,미확인,미확인,강원도 홍천군 서면 한치골길 262,37.648221,127.685587,historical_official_match,https://www.data.go.kr/data/15111405/fileData.do,false
media_2023_617,보아즈맨션,미확인,미확인,경기도 평택시 장안웃길 85,37.0666339,127.0759258,historical_official_match,https://www.data.go.kr/data/15111405/fileData.do,false
media_2023_623,콘피에르,미확인,미확인,서울특별시 강남구 도산대로49길 10-2 2F,37.5235559,127.037536,historical_official_match,https://www.data.go.kr/data/15111405/fileData.do,false
media_2023_626,옐로우,미확인,미확인,서울특별시 강남구 도산대로55길 42,37.526226,127.041113,historical_official_match,https://www.data.go.kr/data/15111405/fileData.do,false
media_2023_628,밍글스,미확인,미확인,서울특별시 강남구 도산대로67길 19 힐탑빌딩 2층,37.5253386,127.0441452,historical_official_match,https://www.data.go.kr/data/15111405/fileData.do,false
media_2023_632,고운님,미확인,미확인,서울특별시 강남구 삼성로 81길 22 한정빌딩 2층 201호,37.504299,127.055927,historical_official_match,https://www.data.go.kr/data/15111405/fileData.do,false
media_2023_633,빙빙빙,미확인,미확인,서울특별시 강남구 삼성로149길 32,37.5231842,127.0449227,historical_official_match,https://www.data.go.kr/data/15111405/fileData.do,false
media_2023_634,릴리펏 청담본점,미확인,미확인,서울특별시 강남구 선릉로 820 남한강빌딩,37.5250772,127.0400706,historical_official_match,https://www.data.go.kr/data/15111405/fileData.do,false
media_2023_642,클라로,미확인,미확인,서울특별시 강남구 압구정로60길 11 2층,37.5264997,127.0422025,historical_official_match,https://www.data.go.kr/data/15111405/fileData.do,false
media_2023_649,상도실내포장마차,미확인,미확인,서울특별시 동작구 상도로 288,37.502369,126.94794,historical_official_match,https://www.data.go.kr/data/15111405/fileData.do,false
media_2023_653,포포브레드,미확인,미확인,서울특별시 마포구 동교로18길 13 세원빌딩 1층,37.554537,126.9170843,historical_official_match,https://www.data.go.kr/data/15111405/fileData.do,false
media_2023_659,경주식당,미확인,미확인,서울특별시 마포구 와우산로13길 49-7,37.548391,126.921111,historical_official_match,https://www.data.go.kr/data/15111405/fileData.do,false
media_2023_662,마시타야,미확인,미확인,서울특별시 마포구 와우산로29라길 26 지하 1층,37.554757,126.926617,historical_official_match,https://www.data.go.kr/data/15111405/fileData.do,false
media_2023_665,철길왕갈비살,미확인,미확인,서울특별시 마포구 와우산로32길 24,37.5545632,126.9316133,historical_official_match,https://www.data.go.kr/data/15111405/fileData.do,false
media_2023_670,르솔레이,미확인,미확인,서울특별시 서대문구 연희맛로 7-29 지하1층,37.5663143,126.9279899,historical_official_match,https://www.data.go.kr/data/15111405/fileData.do,false
media_2023_673,레프레미스,미확인,미확인,서울특별시 서초구 남부순환로337길 36,37.484341,127.020641,historical_official_match,https://www.data.go.kr/data/15111405/fileData.do,false
media_2023_676,메이플탑,미확인,미확인,서울특별시 성동구 성수이로14길 14 성수연방 A동 2층,37.5414775,127.0569489,historical_official_match,https://www.data.go.kr/data/15111405/fileData.do,false
media_2023_681,티에이티디,미확인,미확인,서울특별시 영등포구 경인로77길 12 3층,37.5127803,126.8929365,historical_official_match,https://www.data.go.kr/data/15111405/fileData.do,false
media_2023_683,내추럴하이,미확인,미확인,서울특별시 용산구 녹사평대로 248 1층,37.5396572,126.9876091,historical_official_match,https://www.data.go.kr/data/15111405/fileData.do,false
media_2023_690,보르고한남,미확인,미확인,서울특별시 용산구 이태원로54길 31 3층 보르고한남,37.53699,127.0019655,historical_official_match,https://www.data.go.kr/data/15111405/fileData.do,false
media_2023_693,라쿠치나,미확인,미확인,서울특별시 용산구 회나무로44길 10,37.5405032,126.9964656,historical_official_match,https://www.data.go.kr/data/15111405/fileData.do,false
media_2023_701,파라다이스시티,미확인,미확인,인천광역시 중구 영종해안남로321번길 186,37.437623,126.45597,historical_official_match,https://www.data.go.kr/data/15111405/fileData.do,false
media_2023_705,이정의댁,미확인,미확인,제주특별자치도 서귀포시 예래로144번길 22-1,33.249713,126.392071,historical_official_match,https://www.data.go.kr/data/15111405/fileData.do,false
media_2023_710,우유부단,미확인,미확인,제주특별자치도 제주시 한림읍 금악동길 38,33.347643,126.32822,historical_official_match,https://www.data.go.kr/data/15111405/fileData.do,false
media_2023_713,모루,미확인,미확인,충청북도 청주시 청원구 1순환로 102-1 1층,36.6640194,127.5011635,historical_official_match,https://www.data.go.kr/data/15111405/fileData.do,false
media_2023_714,하이원 추추 파크,미확인,미확인,강원도 삼척시 도계읍 심포남길 99,37.182347,129.039264,historical_official_match,https://www.data.go.kr/data/15111405/fileData.do,false
media_2023_715,오랑주리,미확인,미확인,경기도 양주시 백석읍 기산로 423-19,37.778571,126.935162,historical_official_match,https://www.data.go.kr/data/15111405/fileData.do,false
media_2023_716,서울불고기,미확인,미확인,경기도 오산시 궐동로69번길 61,37.158002,127.06131,historical_official_match,https://www.data.go.kr/data/15111405/fileData.do,false
media_2023_718,합천 영상 테마파크,미확인,미확인,경상남도 합천군 용주면 합천호수로 757,35.5489346,128.072475,historical_official_match,https://www.data.go.kr/data/15111405/fileData.do,false
media_2023_719,금강 식물원,미확인,미확인,부산광역시 금정구 금새로7번길 43,35.2250289,129.074845,historical_official_match,https://www.data.go.kr/data/15111405/fileData.do,false
media_2023_720,송상현 광장,미확인,미확인,부산광역시 부산진구 중앙대로 818,35.164197,129.064927,historical_official_match,https://www.data.go.kr/data/15111405/fileData.do,false
media_2023_721,핑거워시,미확인,미확인,서울특별시 구로구 천왕로2길 31,37.481201,126.839684,historical_official_match,https://www.data.go.kr/data/15111405/fileData.do,false
media_2023_722,오목공원,미확인,미확인,서울특별시 양천구 목동서로 159-2,37.528005,126.873314,historical_official_match,https://www.data.go.kr/data/15111405/fileData.do,false
media_2023_723,낙산공원,미확인,미확인,서울특별시 종로구 낙산길 41,37.580667,127.00746,historical_official_match,https://www.data.go.kr/data/15111405/fileData.do,false
media_2023_724,산모퉁이,미확인,미확인,서울특별시 종로구 백석동길 153,37.595517,126.96805,historical_official_match,https://www.data.go.kr/data/15111405/fileData.do,false
media_2023_725,이화마을,미확인,미확인,서울특별시 종로구 이화장길 70-11,37.577994,127.00719,historical_official_match,https://www.data.go.kr/data/15111405/fileData.do,false
media_2023_727,수기 해수욕장,미확인,미확인,인천광역시 옹진군 북도면 시도리,37.544167,126.431346,historical_official_match,https://www.data.go.kr/data/15111405/fileData.do,false
media_2023_728,월미도 등대,미확인,미확인,인천광역시 중구 북성동1가 120,37.468932,126.594869,historical_official_match,https://www.data.go.kr/data/15111405/fileData.do,false
media_2023_731,외암민속마을,미확인,미확인,충청남도 아산시 송악면 외암민속길 5,36.730023,127.016474,historical_official_match,https://www.data.go.kr/data/15111405/fileData.do,false
media_2023_732,일산 킨텍스,미확인,미확인,경기도 고양시 일산서구 킨텍스로 217-60,37.662025,126.745933,historical_official_match,https://www.data.go.kr/data/15111405/fileData.do,false
media_2023_734,수다락 펜션,미확인,미확인,경기도 양평군 단월면 윗고북길 59,37.586772,127.581664,historical_official_match,https://www.data.go.kr/data/15111405/fileData.do,false
media_2023_736,제부도,미확인,미확인,경기도 화성시 서신면 제부리,37.170885,126.624168,historical_official_match,https://www.data.go.kr/data/15111405/fileData.do,false
media_2023_737,보문호,미확인,미확인,경상북도 경주시 신평동,35.844424,129.275645,historical_official_match,https://www.data.go.kr/data/15111405/fileData.do,false
media_2023_739,젠틀몬스터 신사 플래그십스토어,미확인,미확인,서울특별시 강남구 압구정로10길 23,37.522142,127.021784,historical_official_match,https://www.data.go.kr/data/15111405/fileData.do,false
media_2023_740,김덕후의 곱창조 건대점,미확인,미확인,서울특별시 광진구 아차산로33길 21-4,37.541178,127.069954,historical_official_match,https://www.data.go.kr/data/15111405/fileData.do,false
media_2023_741,이화여대 대강당,미확인,미확인,서울특별시 서대문구 이화여대길 52 이화여자대학교,37.561149,126.946433,historical_official_match,https://www.data.go.kr/data/15111405/fileData.do,false
media_2023_742,창천문화공원,미확인,미확인,서울특별시 서대문구 창천동,37.556768,126.935508,historical_official_match,https://www.data.go.kr/data/15111405/fileData.do,false
media_2023_743,선유도공원,미확인,미확인,서울특별시 영등포구 선유로 343,37.543688,126.899705,historical_official_match,https://www.data.go.kr/data/15111405/fileData.do,false
media_2023_744,패트릭스와플 2호점,미확인,미확인,서울특별시 영등포구 의사당대로 108 아일렉스상가 지하1층 06호,37.519906,126.924537,historical_official_match,https://www.data.go.kr/data/15111405/fileData.do,false
media_2023_746,베이힐풀앤빌라,미확인,미확인,제주특별자치도 서귀포시 예래로 424,33.236723,126.372831,historical_official_match,https://www.data.go.kr/data/15111405/fileData.do,false
media_2023_747,함덕어촌계,미확인,미확인,제주특별자치도 제주시 조천읍 조함해안로 410,33.546565,126.659639,historical_official_match,https://www.data.go.kr/data/15111405/fileData.do,false
media_2023_748,강릉수제버거,미확인,미확인,강원도 강릉시 주문진읍 주문북로 222-30,37.911367,128.817696,historical_official_match,https://www.data.go.kr/data/15111405/fileData.do,false
media_2023_749,주문진 커피바다,미확인,미확인,강원도 강릉시 주문진읍 해안로 1822,37.894709,128.834024,historical_official_match,https://www.data.go.kr/data/15111405/fileData.do,false
media_2023_750,단천식당,미확인,미확인,강원도 속초시 아바이마을길 17,38.202626,128.593672,historical_official_match,https://www.data.go.kr/data/15111405/fileData.do,false
media_2023_751,옛날원대막국수,미확인,미확인,강원도 인제군 인제읍 자작나무숲길 1113,38.002383,128.231864,historical_official_match,https://www.data.go.kr/data/15111405/fileData.do,false
media_2023_752,속삭이는자작나무숲,미확인,미확인,강원도 인제군 인제읍 자작나무숲길 760,37.9737439,128.227423,historical_official_match,https://www.data.go.kr/data/15111405/fileData.do,false
media_2023_753,강원 봉평메밀촌,미확인,미확인,강원도 평창군 대관령면 꽃밭양지길 4,37.674558,128.710502,historical_official_match,https://www.data.go.kr/data/15111405/fileData.do,false
media_2023_755,고양 어린이 박물관,미확인,미확인,경기도 고양시 덕양구 화중로 26,37.629319,126.830874,historical_official_match,https://www.data.go.kr/data/15111405/fileData.do,false
media_2023_756,룽청,미확인,미확인,서울특별시 강남구 논현로 152길 23,37.521482,127.030133,historical_official_match,https://www.data.go.kr/data/15111405/fileData.do,false
media_2023_757,길포차,미확인,미확인,서울특별시 강남구 삼성로 75길 26,37.503056,127.056083,historical_official_match,https://www.data.go.kr/data/15111405/fileData.do,false
media_2023_758,살롱드파이브,미확인,미확인,서울특별시 서초구 서운로 26길 9,37.997214,128.199847,historical_official_match,https://www.data.go.kr/data/15111405/fileData.do,false
media_2023_759,문화식당 성신여대점,미확인,미확인,서울특별시 성북구 보문로 30나길 37,37.591043,127.020294,historical_official_match,https://www.data.go.kr/data/15111405/fileData.do,false
media_2023_761,영종대교휴게소,미확인,미확인,인천광역시 서구 정서진남로 25,37.554092,126.60798,historical_official_match,https://www.data.go.kr/data/15111405/fileData.do,false
media_2023_762,왕산해수욕장,미확인,미확인,인천광역시 중구 용유서로,37.455928,126.368355,historical_official_match,https://www.data.go.kr/data/15111405/fileData.do,false
media_2023_763,쫑포 피자수퍼,미확인,미확인,전라남도 여수시 이순신광장로 167,34.737248,127.741725,historical_official_match,https://www.data.go.kr/data/15111405/fileData.do,false
media_2023_764,춘향테마파크,미확인,미확인,전라북도 남원시 양림길 43,35.401651,127.386723,historical_official_match,https://www.data.go.kr/data/15111405/fileData.do,false
media_2023_765,광한루원,미확인,미확인,전라북도 남원시 요천로 1447,35.403918,127.379758,historical_official_match,https://www.data.go.kr/data/15111405/fileData.do,false
media_2023_766,남원 자연마당,미확인,미확인,전라북도 남원시 탑골길 83,35.405259,127.404713,historical_official_match,https://www.data.go.kr/data/15111405/fileData.do,false
media_2023_767,임실치즈테마파크,미확인,미확인,전라북도 임실군 성수면 도인2길 50,35.632853,127.301422,historical_official_match,https://www.data.go.kr/data/15111405/fileData.do,false
media_2023_768,그날의 온도,미확인,미확인,전라북도 전주시 덕진구 원동로 45,35.854744,127.033778,historical_official_match,https://www.data.go.kr/data/15111405/fileData.do,false
media_2023_770,전주왱이 콩나물국밥 전문점,미확인,미확인,전라북도 전주시 완산구 동문길 88,35.818328,127.149193,historical_official_match,https://www.data.go.kr/data/15111405/fileData.do,false
media_2023_771,스카이라인짚와이어,미확인,미확인,경기도 가평군 가평읍 북한강변로 1024,37.804387,127.525209,historical_official_match,https://www.data.go.kr/data/15111405/fileData.do,false
media_2023_772,조무락닭갈비,미확인,미확인,경기도 가평군 가평읍 북한강변로 1068,37.807855,127.524944,historical_official_match,https://www.data.go.kr/data/15111405/fileData.do,false
media_2023_773,리버랜드번지점프,미확인,미확인,경기도 가평군 설악면 유명로 2320,37.708121,127.449135,historical_official_match,https://www.data.go.kr/data/15111405/fileData.do,false
media_2023_775,문무대왕릉,미확인,미확인,경상북도 경주시 양북면 봉길리 30-1,35.738125,129.486838,historical_official_match,https://www.data.go.kr/data/15111405/fileData.do,false
media_2023_777,요석궁 1779,미확인,미확인,경상북도 경주시 월성동 교촌안길 19-4,35.830351,129.216874,historical_official_match,https://www.data.go.kr/data/15111405/fileData.do,false
media_2023_778,국립경주박물관,미확인,미확인,경상북도 경주시 일정로 186,35.829288,129.227929,historical_official_match,https://www.data.go.kr/data/15111405/fileData.do,false
media_2023_780,개미집 광안리직영점,미확인,미확인,부산광역시 수영구 광남로130번길 9,35.153122,129.117214,historical_official_match,https://www.data.go.kr/data/15111405/fileData.do,false
media_2023_781,평가옥 삼성점,미확인,미확인,서울특별시 강남구 삼성로95길 37 역산빌딩,37.506893,127.052772,historical_official_match,https://www.data.go.kr/data/15111405/fileData.do,false
media_2023_782,욕쟁이할머니포차,미확인,미확인,서울특별시 강남구 선릉로132길 3-3 지하1층,37.518196,127.041331,historical_official_match,https://www.data.go.kr/data/15111405/fileData.do,false
media_2023_783,인계동 껍데기 인계본점,미확인,미확인,경기도 수원시 팔달구 효원로291번길 36,37.265078,127.028991,historical_official_match,https://www.data.go.kr/data/15111405/fileData.do,false
media_2023_784,앤조이터키,미확인,미확인,경기도 파주시 탄현면 헤이리마을길 82-91 8번 게이트,37.788838,126.70409,historical_official_match,https://www.data.go.kr/data/15111405/fileData.do,false
media_2023_785,어맛횟집,미확인,미확인,부산광역시 남구 동명로158번길 64,35.168819,129.197196,historical_official_match,https://www.data.go.kr/data/15111405/fileData.do,false
media_2023_786,맛이차이나,미확인,미확인,서울특별시 마포구 독막로 68,37.5475555,126.9208439,historical_official_match,https://www.data.go.kr/data/15111405/fileData.do,false
media_2023_787,떡하니 문어떡볶이,미확인,미확인,제주특별자치도 제주시 구좌읍 행원로9길 9-5,33.553781,126.807889,historical_official_match,https://www.data.go.kr/data/15111405/fileData.do,false
media_2023_790,호수공원,미확인,미확인,경기도 고양시 일산동구 장항동 호수로 731,37.656748,126.76625,historical_official_match,https://www.data.go.kr/data/15111405/fileData.do,false
media_2023_801,토담골,미확인,미확인,서울특별시 강남구 삼성로 766 유림빌딩,37.523298,127.04819,historical_official_match,https://www.data.go.kr/data/15111405/fileData.do,false
media_2023_802,청담순대국,미확인,미확인,서울특별시 강남구 삼성로149길 30 1층,37.5231807,127.0451536,historical_official_match,https://www.data.go.kr/data/15111405/fileData.do,false
media_2023_807,스위스 그랜드 호텔,미확인,미확인,서울특별시 서대문구 연희로 353,37.588838,126.93403,historical_official_match,https://www.data.go.kr/data/15111405/fileData.do,false
media_2023_1275,북촌 한옥마을,미확인,미확인,서울특별시 종로구 계동길 37,37.5790534,126.986405,historical_official_match,https://www.data.go.kr/data/15111405/fileData.do,false
media_2023_815,조양방직,미확인,미확인,인천광역시 강화군 강화읍 향나무길5번길 12,37.746768,126.480232,historical_official_match,https://www.data.go.kr/data/15111405/fileData.do,false
media_2023_818,서촌계단집,미확인,미확인,서울특별시 종로구 자하문로1길 15,37.5763117,126.9714855,historical_official_match,https://www.data.go.kr/data/15111405/fileData.do,false
media_2023_829,유가네 칼국수,미확인,미확인,경기도 안산시 단원구 서위길 14 1층,37.2761823,126.5690034,historical_official_match,https://www.data.go.kr/data/15111405/fileData.do,false
media_2023_849,아메리칸테이블,미확인,미확인,서울특별시 강남구 영동대로112길 66,37.515792,127.065675,historical_official_match,https://www.data.go.kr/data/15111405/fileData.do,false
media_2023_852,고수포차,미확인,미확인,서울특별시 마포구 독막로 76-1,37.547522,126.92188,historical_official_match,https://www.data.go.kr/data/15111405/fileData.do,false
media_2023_853,어반플랜트 합정,미확인,미확인,서울특별시 마포구 독막로4길 3,37.547878,126.917135,historical_official_match,https://www.data.go.kr/data/15111405/fileData.do,false
media_2023_854,비안빈,미확인,미확인,서울특별시 마포구 상암산로 76,37.5791842,126.892284,historical_official_match,https://www.data.go.kr/data/15111405/fileData.do,false
media_2023_855,연남장,미확인,미확인,서울특별시 서대문구 연희로5길 22,37.564338,126.927572,historical_official_match,https://www.data.go.kr/data/15111405/fileData.do,false
media_2023_858,포동푸딩,미확인,미확인,서울특별시 성동구 서울숲2길 21 1층,37.5470318,127.0410062,historical_official_match,https://www.data.go.kr/data/15111405/fileData.do,false
media_2023_859,우리옛돌박물관,미확인,미확인,서울특별시 성북구 대사관로13길 66,37.600825,126.990155,historical_official_match,https://www.data.go.kr/data/15111405/fileData.do,false
media_2023_864,한옥집,미확인,미확인,서울특별시 종로구 대학로1길 39,37.571837,127.000169,historical_official_match,https://www.data.go.kr/data/15111405/fileData.do,false
media_2023_867,광장시장,미확인,미확인,서울특별시 종로구 창경궁로 88,37.570153,126.999337,historical_official_match,https://www.data.go.kr/data/15111405/fileData.do,false
media_2023_871,청실횟집,미확인,미확인,전라남도 완도군 완도읍 해변공원로 51-1,34.318448,126.749857,historical_official_match,https://www.data.go.kr/data/15111405/fileData.do,false
media_2023_873,태백칼국수,미확인,미확인,전라북도 익산시 중앙로 15-5,35.940016,126.948749,historical_official_match,https://www.data.go.kr/data/15111405/fileData.do,false
media_2023_878,올래국수,미확인,미확인,제주특별자치도 제주시 귀아랑길 24,33.491506,126.497297,historical_official_match,https://www.data.go.kr/data/15111405/fileData.do,false
media_2023_882,키크러스커피,미확인,미확인,강원도 강릉시 창해로 14번길 48-1,37.770878,128.949574,historical_official_match,https://www.data.go.kr/data/15111405/fileData.do,false
media_2023_883,속초해수욕장,미확인,미확인,강원도 속초시 조양동 속초해수욕장,38.190552,128.603646,historical_official_match,https://www.data.go.kr/data/15111405/fileData.do,false
media_2023_885,파머스대디,미확인,미확인,경기도 광주시 남종면 삼성리 380,37.478811,127.278405,historical_official_match,https://www.data.go.kr/data/15111405/fileData.do,false
media_2023_887,어량,미확인,미확인,경기도 용인시 처인구 포곡읍 금어로 216,37.269083,127.237992,historical_official_match,https://www.data.go.kr/data/15111405/fileData.do,false
media_2023_888,용궁칼국수,미확인,미확인,경기도 파주시 탄현면 새오리로 59-52,37.7901865,126.6838333,historical_official_match,https://www.data.go.kr/data/15111405/fileData.do,false
media_2023_889,영명국밥,미확인,미확인,광주광역시 광산구 송정로 8번길 5,35.136795,126.79222,historical_official_match,https://www.data.go.kr/data/15111405/fileData.do,false
media_2023_890,국일따로국밥,미확인,미확인,대구광역시 중구 국채보상로 571,35.87112,128.5932164,historical_official_match,https://www.data.go.kr/data/15111405/fileData.do,false
media_2023_892,쇼린,미확인,미확인,서울특별시 강남구 도산대로81길 18,37.525558,127.04772,historical_official_match,https://www.data.go.kr/data/15111405/fileData.do,false
media_2023_895,테라스룸,미확인,미확인,서울특별시 강남구 선릉로152길 37 올리브빌딩 테라스룸,37.5246112,127.0426668,historical_official_match,https://www.data.go.kr/data/15111405/fileData.do,false
media_2023_900,라이스&포테이토,미확인,미확인,서울특별시 동작구 흑석로 83,37.50712,126.958801,historical_official_match,https://www.data.go.kr/data/15111405/fileData.do,false
media_2023_901,서룡,미확인,미확인,서울특별시 마포구 월드컵북로 361,37.577037,126.891445,historical_official_match,https://www.data.go.kr/data/15111405/fileData.do,false
media_2023_909,통인스윗,미확인,미확인,서울특별시 종로구 자하문로 7길 50,37.579617,126.969591,historical_official_match,https://www.data.go.kr/data/15111405/fileData.do,false
media_2023_911,웨스턴스테이크,미확인,미확인,인천광역시 부평구 부평대로 32번길 2,37.494217,126.723139,historical_official_match,https://www.data.go.kr/data/15111405/fileData.do,false
media_2023_912,알베르베로,미확인,미확인,전라북도 전주시 완산구 봉곡로 115,35.811098,127.106506,historical_official_match,https://www.data.go.kr/data/15111405/fileData.do,false
media_2023_915,수니테이블,미확인,미확인,제주특별자치도 제주시 구좌읍 문주란로 33-1,33.519056,126.885866,historical_official_match,https://www.data.go.kr/data/15111405/fileData.do,false
media_2023_918,심바카레,미확인,미확인,제주특별자치도 제주시 애월읍 금성5길 44-16,33.448379,126.302198,historical_official_match,https://www.data.go.kr/data/15111405/fileData.do,false
media_2023_921,대교식당,미확인,미확인,충청남도 홍성군 금마면 충서로 2281,36.627135,126.734901,historical_official_match,https://www.data.go.kr/data/15111405/fileData.do,false
media_2023_922,죽성드림세트장,미확인,미확인,부산광역시 기장군 기장읍 죽성리 134-7,35.240998,129.24845,historical_official_match,https://www.data.go.kr/data/15111405/fileData.do,false
media_2023_937,뮤즈온 바이닐펍,미확인,미확인,부산광역시 해운대구 중동1로 39,35.16221,129.163617,historical_official_match,https://www.data.go.kr/data/15111405/fileData.do,false
media_2023_923,다리집 본점,미확인,미확인,부산광역시 수영구 남천바다로10번길 70 101호,35.146627,129.110783,historical_official_match,https://www.data.go.kr/data/15111405/fileData.do,false
media_2023_924,호박 식당 한남점,미확인,미확인,서울특별시 용산구 한남대로21길 18,37.534018,127.00622,historical_official_match,https://www.data.go.kr/data/15111405/fileData.do,false
media_2023_925,어라운드 폴리,미확인,미확인,제주특별자치도 서귀포시 성산읍 서성일로 433,33.414971,126.835842,historical_official_match,https://www.data.go.kr/data/15111405/fileData.do,false
media_2023_927,해녀전복뚝배기,미확인,미확인,강원도 속초시 영랑해안길 9,38.212805,128.600772,historical_official_match,https://www.data.go.kr/data/15111405/fileData.do,false
media_2023_928,만석닭강정 중앙시장점,미확인,미확인,강원도 속초시 중앙로 147번길 16,38.204725,128.590178,historical_official_match,https://www.data.go.kr/data/15111405/fileData.do,false
media_2023_929,브릭,미확인,미확인,경기도 광주시 오포읍 새말길 305,37.38035,127.173592,historical_official_match,https://www.data.go.kr/data/15111405/fileData.do,false
media_2023_933,르카페말리,미확인,미확인,경상북도 울진군 죽변면 죽변중앙로 32,37.050457,129.413433,historical_official_match,https://www.data.go.kr/data/15111405/fileData.do,false
media_2023_934,화정떡갈비,미확인,미확인,광주광역시 광산구 광산로29번길 6,35.139246,126.794978,historical_official_match,https://www.data.go.kr/data/15111405/fileData.do,false
media_2023_935,카페 수,미확인,미확인,광주광역시 북구 면앙로 127,35.177058,126.925863,historical_official_match,https://www.data.go.kr/data/15111405/fileData.do,false
media_2023_936,코끼리손짜장 문흥점,미확인,미확인,광주광역시 북구 호동로 67,35.177725,126.917838,historical_official_match,https://www.data.go.kr/data/15111405/fileData.do,false
media_2023_939,강릉짬뽕순두부 동화가든 본점,미확인,미확인,강원도 강릉시 초당순두부길77번길 15,37.791073,128.914624,historical_official_match,https://www.data.go.kr/data/15111405/fileData.do,false
media_2023_941,아바이식당,미확인,미확인,강원도 속초시 아바이마을 1길 3-1,38.202859,128.59355,historical_official_match,https://www.data.go.kr/data/15111405/fileData.do,false
media_2023_943,한가족숯불닭갈비,미확인,미확인,강원도 원주시 토지길 4,37.323464,127.957828,historical_official_match,https://www.data.go.kr/data/15111405/fileData.do,false
media_2023_944,김영이국밥,미확인,미확인,강원도 평창군 대관령면 경강로 5193,37.680036,128.699854,historical_official_match,https://www.data.go.kr/data/15111405/fileData.do,false
media_2023_945,리스토어커피,미확인,미확인,경기도 고양시 덕양구 권율대로 741-35,37.654517,126.880087,historical_official_match,https://www.data.go.kr/data/15111405/fileData.do,false
media_2023_948,서울랜드,미확인,미확인,경기도 과천시 광명로 181,37.433807,127.01894,historical_official_match,https://www.data.go.kr/data/15111405/fileData.do,false
media_2023_950,소리소 시골밥상,미확인,미확인,경기도 남양주시 진건읍 진건우회로 95-1,37.650442,127.181446,historical_official_match,https://www.data.go.kr/data/15111405/fileData.do,false
media_2023_952,삼화식당,미확인,미확인,경기도 성남시 수정구 위례서일로1길 4,37.469938,127.14958,historical_official_match,https://www.data.go.kr/data/15111405/fileData.do,false
media_2023_953,옛맛손두부청국장,미확인,미확인,경기도 수원시 영통구 매봉로49번길 3 2층,37.271481,127.036083,historical_official_match,https://www.data.go.kr/data/15111405/fileData.do,false
media_2023_955,문리버,미확인,미확인,경기도 양평군 강하면 전의1길 8,37.503768,127.430453,historical_official_match,https://www.data.go.kr/data/15111405/fileData.do,false
media_2023_957,은하장,미확인,미확인,경기도 파주시 문산읍 문향로 78,37.858487,126.786019,historical_official_match,https://www.data.go.kr/data/15111405/fileData.do,false
media_2023_960,로빈의숲,미확인,미확인,경기도 파주시 탄현면 장릉로 102번길 4-6,37.769169,126.709253,historical_official_match,https://www.data.go.kr/data/15111405/fileData.do,false
media_2023_961,멍게가,미확인,미확인,경상남도 통영시 동충4길 25 멍게가,34.8413645,128.4227695,historical_official_match,https://www.data.go.kr/data/15111405/fileData.do,false
media_2023_963,상국이네,미확인,미확인,부산광역시 해운대구 구남로41번길 40-1,35.161993,129.162956,historical_official_match,https://www.data.go.kr/data/15111405/fileData.do,false
media_2023_968,다모아분식,미확인,미확인,서울특별시 강남구 논현로150길 41,37.520121,127.031949,historical_official_match,https://www.data.go.kr/data/15111405/fileData.do,false
media_2023_969,청국장서갈비,미확인,미확인,서울특별시 강남구 대치4동 선릉로 420,37.502464,127.050244,historical_official_match,https://www.data.go.kr/data/15111405/fileData.do,false
media_2023_974,카카오빈,미확인,미확인,서울특별시 강남구 도산대로17길 43,37.521244,127.023614,historical_official_match,https://www.data.go.kr/data/15111405/fileData.do,false
media_2023_991,인정국물떡볶이,미확인,미확인,서울특별시 광진구 군자로 31-1,37.546008,127.070269,historical_official_match,https://www.data.go.kr/data/15111405/fileData.do,false
media_2023_1000,다락,미확인,미확인,서울특별시 마포구 도화2길 8,37.540019,126.948757,historical_official_match,https://www.data.go.kr/data/15111405/fileData.do,false
media_2023_1002,홍대조폭떡볶이,미확인,미확인,서울특별시 마포구 어울마당로 60,37.550415,126.921338,historical_official_match,https://www.data.go.kr/data/15111405/fileData.do,false
media_2023_1009,악어떡볶이,미확인,미확인,서울특별시 성동구 마조로 33,37.560601,127.041073,historical_official_match,https://www.data.go.kr/data/15111405/fileData.do,false
media_2023_1010,장가,미확인,미확인,서울특별시 성동구 성수이로7길 27 서울특별시숲코오롱디지탈타워,37.541821,127.05344,historical_official_match,https://www.data.go.kr/data/15111405/fileData.do,false
media_2023_1014,종로불돼지,미확인,미확인,서울특별시 종로구 관철동 청계천로 67,37.568912,126.985043,historical_official_match,https://www.data.go.kr/data/15111405/fileData.do,false
media_2023_1015,인사동마늘보쌈,미확인,미확인,서울특별시 종로구 관훈동 인사동8길 12-5,37.573972,126.986138,historical_official_match,https://www.data.go.kr/data/15111405/fileData.do,false
media_2023_1016,촌놈,미확인,미확인,서울특별시 종로구 대학로8가길 48,37.582993,127.002401,historical_official_match,https://www.data.go.kr/data/15111405/fileData.do,false
media_2023_1018,창신동매운족발,미확인,미확인,서울특별시 종로구 종로51길 23,37.573058,127.011665,historical_official_match,https://www.data.go.kr/data/15111405/fileData.do,false
media_2023_1025,독개물항,미확인,미확인,제주특별자치도 제주시 한림읍 한림로 478,33.401839,126.251651,historical_official_match,https://www.data.go.kr/data/15111405/fileData.do,false
media_2023_1277,서촌 한옥마을,미확인,미확인,서울특별시 종로구 통의동 28-1,37.578671,126.973096,historical_official_match,https://www.data.go.kr/data/15111405/fileData.do,false
media_2023_1031,평양냉면,미확인,미확인,강원도 춘천시 영서로 3036,37.923227,127.7213573,historical_official_match,https://www.data.go.kr/data/15111405/fileData.do,false
media_2023_1032,코미호미,미확인,미확인,경기도 가평군 가평읍 호반로 1646,37.742166,127.510865,historical_official_match,https://www.data.go.kr/data/15111405/fileData.do,false
media_2023_1033,신숙희진골막국수,미확인,미확인,경기도 가평군 상면 청군로 628,37.772183,127.378367,historical_official_match,https://www.data.go.kr/data/15111405/fileData.do,false
media_2023_1034,둥지칼국수,미확인,미확인,경기도 가평군 청평면 경춘로 221-12,37.695722,127.382864,historical_official_match,https://www.data.go.kr/data/15111405/fileData.do,false
media_2023_1035,달과 6펜스,미확인,미확인,경기도 가평군 청평면 상지로 107,37.768941,127.464266,historical_official_match,https://www.data.go.kr/data/15111405/fileData.do,false
media_2023_1036,동하돼지불백,미확인,미확인,경기도 가평군 청평면 하천리 247-2,37.75241,127.433486,historical_official_match,https://www.data.go.kr/data/15111405/fileData.do,false
media_2023_1037,13애비뉴,미확인,미확인,경기도 성남시 수정구 심곡로 13,37.4492393,127.103625,historical_official_match,https://www.data.go.kr/data/15111405/fileData.do,false
media_2023_1038,무궁화,미확인,미확인,부산광역시 수영구 황령산로8번길 5,35.1496867,129.109327,historical_official_match,https://www.data.go.kr/data/15111405/fileData.do,false
media_2023_1039,도봉산두부,미확인,미확인,서울특별시 도봉구 도봉산길 73,37.686204,127.037355,historical_official_match,https://www.data.go.kr/data/15111405/fileData.do,false
media_2023_1040,카츠미 홍대본점,미확인,미확인,서울특별시 마포구 서교동 어울마당로 51,37.549645,126.920665,historical_official_match,https://www.data.go.kr/data/15111405/fileData.do,false
media_2023_1041,연희동칼국수 본점,미확인,미확인,서울특별시 서대문구 연희맛로 37,37.5681791,126.9307331,historical_official_match,https://www.data.go.kr/data/15111405/fileData.do,false
media_2023_1042,우래옥,미확인,미확인,서울특별시 중구 창경궁로 62-29,37.5681851,126.9987092,historical_official_match,https://www.data.go.kr/data/15111405/fileData.do,false
media_2023_1043,난드르깡통구이,미확인,미확인,제주특별자치도 서귀포시 안덕면 대평감산로 14,33.235967,126.36683,historical_official_match,https://www.data.go.kr/data/15111405/fileData.do,false
media_2023_1044,더클리프,미확인,미확인,제주특별자치도 서귀포시 중문관광로 154-17,33.244267,126.415002,historical_official_match,https://www.data.go.kr/data/15111405/fileData.do,false
media_2023_1046,한류 월드,미확인,미확인,경기도 고양시 일산동구 장항동 1163,37.647893,126.75762,historical_official_match,https://www.data.go.kr/data/15111405/fileData.do,false
media_2023_1047,고양종합운동장,미확인,미확인,경기도 고양시 일산서구 중앙로 1601,37.67639,126.7431,historical_official_match,https://www.data.go.kr/data/15111405/fileData.do,false
media_2023_1049,유가장,미확인,미확인,경기도 여주시 세종로46번길 17-1,37.293748,127.633915,historical_official_match,https://www.data.go.kr/data/15111405/fileData.do,false
media_2023_1050,수영만 요트 경기장,미확인,미확인,부산광역시 해운대구 해운대해변로 84,35.159456,129.139712,historical_official_match,https://www.data.go.kr/data/15111405/fileData.do,false
media_2023_1051,인터컨티넨탈 서울 코엑스,미확인,미확인,서울특별시 강남구 봉은사로 524,37.512502,127.058796,historical_official_match,https://www.data.go.kr/data/15111405/fileData.do,false
media_2023_1053,마포대교,미확인,미확인,서울특별시 영등포구 여의도동 84-5,37.533709,126.9367,historical_official_match,https://www.data.go.kr/data/15111405/fileData.do,false
media_2023_1055,서울 광장,미확인,미확인,서울특별시 중구 을지로 12,37.565594,126.978025,historical_official_match,https://www.data.go.kr/data/15111405/fileData.do,false
media_2023_1057,국제업무지구역,미확인,미확인,인천광역시 연수구 인천타워대로 334,37.39981,126.6296,historical_official_match,https://www.data.go.kr/data/15111405/fileData.do,false
media_2023_1058,송도센트럴파크,미확인,미확인,인천광역시 연수구 컨벤시아대로 160,37.3924167,126.639565,historical_official_match,https://www.data.go.kr/data/15111405/fileData.do,false
media_2023_1060,비치대게,미확인,미확인,강원도 속초시 중앙로 260,38.212705,128.596552,historical_official_match,https://www.data.go.kr/data/15111405/fileData.do,false
media_2023_1061,다솔가든산골식당,미확인,미확인,경기도 고양시 덕양구 북한산로618번길 17,37.663939,126.949969,historical_official_match,https://www.data.go.kr/data/15111405/fileData.do,false
media_2023_1062,참한간장게장 팔당직영점,미확인,미확인,경기도 남양주시 와부읍 다산로 71,37.539533,127.256979,historical_official_match,https://www.data.go.kr/data/15111405/fileData.do,false
media_2023_1063,본수원갈비,미확인,미확인,경기도 수원시 팔달구 중부대로223번길 41,37.278051,127.040764,historical_official_match,https://www.data.go.kr/data/15111405/fileData.do,false
media_2023_1064,순대지존,미확인,미확인,"경기도 수원시 팔달구 팔달문로 20, B동 1층 69호",37.27762,127.019645,historical_official_match,https://www.data.go.kr/data/15111405/fileData.do,false
media_2023_1066,현고대닭발 사당점,미확인,미확인,서울특별시 동작구 동작대로23길 25,37.484046,126.980283,historical_official_match,https://www.data.go.kr/data/15111405/fileData.do,false
media_2023_1067,전쟁과 여성인권 박물관,미확인,미확인,서울특별시 마포구 월드컵북로11길 20,37.560054,126.914847,historical_official_match,https://www.data.go.kr/data/15111405/fileData.do,false
media_2023_1068,패닉이스케이프,미확인,미확인,서울특별시 양천구 신정중앙로 96,37.526196,126.862407,historical_official_match,https://www.data.go.kr/data/15111405/fileData.do,false
media_2023_1069,정동진,미확인,미확인,강원도 강릉시 강동면 정동진리,37.691371,129.033636,historical_official_match,https://www.data.go.kr/data/15111405/fileData.do,false
media_2023_1070,경포 해변,미확인,미확인,강원도 강릉시 강문동 산 1-1,37.80555,128.90789,historical_official_match,https://www.data.go.kr/data/15111405/fileData.do,false
media_2023_1071,휴심,미확인,미확인,강원도 강릉시 저동골길 21,37.797406,128.894432,historical_official_match,https://www.data.go.kr/data/15111405/fileData.do,false
media_2023_1072,켄싱턴리조트 설악비치,미확인,미확인,강원도 고성군 토성면 동해대로 4800,38.243272,128.572363,historical_official_match,https://www.data.go.kr/data/15111405/fileData.do,false
media_2023_1073,속초 장터 순대국,미확인,미확인,강원도 속초시 중앙로 129번길 35-16,38.20448,128.589091,historical_official_match,https://www.data.go.kr/data/15111405/fileData.do,false
media_2023_1074,영주선비촌,미확인,미확인,경상북도 영주시 순흥면 소백로 2796,36.9275125,128.582575,historical_official_match,https://www.data.go.kr/data/15111405/fileData.do,false
media_2023_1075,최가네 버섯샤브칼국수,미확인,미확인,서울특별시 강남구 도산대로 51길 36,37.525423,127.038233,historical_official_match,https://www.data.go.kr/data/15111405/fileData.do,false
media_2023_1076,서강쇠떡볶이,미확인,미확인,서울특별시 강남구 압구정로50길 22 1층 5호,37.526798,127.037676,historical_official_match,https://www.data.go.kr/data/15111405/fileData.do,false
media_2023_1077,육일점,미확인,미확인,서울특별시 강남구 언주로 148길 6,37.520191,127.035115,historical_official_match,https://www.data.go.kr/data/15111405/fileData.do,false
media_2023_1078,오피셜커피,미확인,미확인,서울특별시 노원구 동일로184길 69-7 1층,37.62499,127.07726,historical_official_match,https://www.data.go.kr/data/15111405/fileData.do,false
media_2023_1079,보성 열화정,미확인,미확인,전라남도 보성군 득량면 오봉리,34.764772,127.188658,historical_official_match,https://www.data.go.kr/data/15111405/fileData.do,false
media_2023_1080,여수해상케이블카,미확인,미확인,전라남도 여수시 돌산읍 돌산로 3600-1,34.730625,127.741568,historical_official_match,https://www.data.go.kr/data/15111405/fileData.do,false
media_2023_1081,오동도,미확인,미확인,전라남도 여수시 수정동 산 1-11,34.744743,127.766473,historical_official_match,https://www.data.go.kr/data/15111405/fileData.do,false
media_2023_1082,완도 수목원,미확인,미확인,전라남도 완도군 군외면 초평1길 156,34.360664,126.664426,historical_official_match,https://www.data.go.kr/data/15111405/fileData.do,false
media_2023_1083,명사십리 해수욕장,미확인,미확인,전라남도 완도군 신지면 신리,34.327079,126.80895,historical_official_match,https://www.data.go.kr/data/15111405/fileData.do,false
media_2023_1093,언플러그드,미확인,미확인,서울특별시 마포구 와우산로33길 26,37.555429,126.929199,historical_official_match,https://www.data.go.kr/data/15111405/fileData.do,false
media_2023_1101,바그다드,미확인,미확인,제주특별자치도 제주시 관덕로8길 34,33.5104088,126.5232707,historical_official_match,https://www.data.go.kr/data/15111405/fileData.do,false
media_2023_1105,애월튀김간,미확인,미확인,제주특별자치도 제주시 애월읍 애월로 118,33.464371,126.319869,historical_official_match,https://www.data.go.kr/data/15111405/fileData.do,false
media_2023_1107,궷물오름,미확인,미확인,제주특별자치도 제주시 애월읍 유수암리 산 136,33.398179,126.406184,historical_official_match,https://www.data.go.kr/data/15111405/fileData.do,false
media_2023_1110,타무라,미확인,미확인,제주특별자치도 제주시 조천읍 중산간동로 670,33.498892,126.656927,historical_official_match,https://www.data.go.kr/data/15111405/fileData.do,false
media_2023_1112,금오름,미확인,미확인,제주특별자치도 제주시 한림읍 금악리 산1-1,33.355837,126.30572,historical_official_match,https://www.data.go.kr/data/15111405/fileData.do,false
media_2023_1114,더메이즈VR 강남점,미확인,미확인,서울특별시 강남구 강남대로94길 13,37.4990249,127.02849,historical_official_match,https://www.data.go.kr/data/15111405/fileData.do,false
media_2023_1115,쏭스클럽 삼성점,미확인,미확인,"서울특별시 강남구 봉은사로 63길 6, 1층",37.511811,127.047247,historical_official_match,https://www.data.go.kr/data/15111405/fileData.do,false
media_2023_1116,수락중학교,미확인,미확인,서울특별시 노원구 동일로 1729,37.682936,127.05485,historical_official_match,https://www.data.go.kr/data/15111405/fileData.do,false
media_2023_1117,탑클래스 pc방 노원점,미확인,미확인,서울특별시 노원구 상계로 108 2층,37.657011,127.06712,historical_official_match,https://www.data.go.kr/data/15111405/fileData.do,false
media_2023_1118,파라솔분식,미확인,미확인,서울특별시 노원구 상계로 1길 14-17,37.657263,127.06186,historical_official_match,https://www.data.go.kr/data/15111405/fileData.do,false
media_2023_1119,홍대 윗잔다리 어린이공원,미확인,미확인,서울특별시 마포구 양화로 188,37.557185,126.926047,historical_official_match,https://www.data.go.kr/data/15111405/fileData.do,false
media_2023_1120,오레노카츠 성수본점,미확인,미확인,서울특별시 성동구 성수일로 47,37.544715,127.049495,historical_official_match,https://www.data.go.kr/data/15111405/fileData.do,false
media_2023_1122,키에리,미확인,미확인,서울특별시 용산구 이태원로26길 16-8,37.533332,126.993177,historical_official_match,https://www.data.go.kr/data/15111405/fileData.do,false
media_2023_1123,이남설한과,미확인,미확인,서울특별시 종로구 인사동길 44 쌈지길,37.574382,126.984781,historical_official_match,https://www.data.go.kr/data/15111405/fileData.do,false
media_2023_1126,기와집순두부 조안본점,미확인,미확인,경기도 남양주시 조안면 북한강로 133,37.537254,127.302404,historical_official_match,https://www.data.go.kr/data/15111405/fileData.do,false
media_2023_1127,학주네 맛있는 고깃집,미확인,미확인,서울특별시 서초구 방배로 138,37.48643,126.994742,historical_official_match,https://www.data.go.kr/data/15111405/fileData.do,false
media_2023_1128,미당순두부,미확인,미확인,서울특별시 종로구 청계천로 97-12,37.568669,126.98813,historical_official_match,https://www.data.go.kr/data/15111405/fileData.do,false
media_2023_1129,성산일출봉,미확인,미확인,제주특별자치도 서귀포시 성산읍 성산리 1,33.457787,126.942232,historical_official_match,https://www.data.go.kr/data/15111405/fileData.do,false
media_2023_1131,대포주상절리,미확인,미확인,제주특별자치도 서귀포시 이어도로 36-24,33.2387114,126.426505,historical_official_match,https://www.data.go.kr/data/15111405/fileData.do,false
media_2023_1132,천지연 폭포,미확인,미확인,제주특별자치도 서귀포시 천지동 667-7,33.247203,126.554668,historical_official_match,https://www.data.go.kr/data/15111405/fileData.do,false
media_2023_1133,솔동산고기국수,미확인,미확인,제주특별자치도 제주시 서귀포시 부두로 23,33.243017,126.56535,historical_official_match,https://www.data.go.kr/data/15111405/fileData.do,false
media_2023_1134,동문공설시장,미확인,미확인,제주특별자치도 제주시 일도일동 1144-28,33.512072,126.528269,historical_official_match,https://www.data.go.kr/data/15111405/fileData.do,false
media_2023_1137,노라바,미확인,미확인,제주특별자치도 제주시 애월읍 구엄길 100,33.4828309,126.3764312,historical_official_match,https://www.data.go.kr/data/15111405/fileData.do,false
media_2023_1138,모립,미확인,미확인,제주특별자치도 제주시 애월읍 애월로 1길 26-7,33.462997,126.309776,historical_official_match,https://www.data.go.kr/data/15111405/fileData.do,false
media_2023_1142,두일약초마을,미확인,미확인,강원도 평창군 진부면 방아다리로 348,37.688419,128.560323,historical_official_match,https://www.data.go.kr/data/15111405/fileData.do,false
media_2023_1143,버찌와 타로여행,미확인,미확인,경기도 하남시 미사강변동로 121 더랜드시티 315호,37.515252,127.102476,historical_official_match,https://www.data.go.kr/data/15111405/fileData.do,false
media_2023_1144,진주성,미확인,미확인,경상남도 진주시 본성동,35.189137,128.077981,historical_official_match,https://www.data.go.kr/data/15111405/fileData.do,false
media_2023_1146,카페리즈,미확인,미확인,서울특별시 강남구 봉은사로61길 31 이화빌리지,37.513186,127.045654,historical_official_match,https://www.data.go.kr/data/15111405/fileData.do,false
media_2023_1147,지엔퍼퓸스튜디오 방배본점,미확인,미확인,서울특별시 서초구 서초대로29길 22 보미빌딩 B1,37.489378,126.995168,historical_official_match,https://www.data.go.kr/data/15111405/fileData.do,false
media_2023_1148,카페스밍스튜디오,미확인,미확인,서울특별시 성동구 뚝섬로 317,37.541318,127.046292,historical_official_match,https://www.data.go.kr/data/15111405/fileData.do,false
media_2023_1150,프로방스마을,미확인,미확인,경기도 파주시 탄현면 새오리로 69,37.790808,126.685104,historical_official_match,https://www.data.go.kr/data/15111405/fileData.do,false
media_2023_1151,코드이스케이프 대구점,미확인,미확인,대구광역시 수성구 달구벌대로 2552,35.858603,128.641766,historical_official_match,https://www.data.go.kr/data/15111405/fileData.do,false
media_2023_1152,샌드커피 논탄토,미확인,미확인,서울특별시 강남구 도산대로17길 35,37.520876,127.023907,historical_official_match,https://www.data.go.kr/data/15111405/fileData.do,false
media_2023_1153,보보리스네트웍,미확인,미확인,서울특별시 강남구 언주로154길 14,37.52319,127.03452,historical_official_match,https://www.data.go.kr/data/15111405/fileData.do,false
media_2023_1154,상암동MBC신사옥,미확인,미확인,서울특별시 마포구 성암로 267,37.581487,126.891267,historical_official_match,https://www.data.go.kr/data/15111405/fileData.do,false
media_2023_1155,규방도감,미확인,미확인,서울특별시 종로구 북촌로5가길 44-5,37.58151,126.981464,historical_official_match,https://www.data.go.kr/data/15111405/fileData.do,false
media_2023_1156,남산골한옥마을,미확인,미확인,서울특별시 중구 퇴계로34길 28,37.559307,126.994476,historical_official_match,https://www.data.go.kr/data/15111405/fileData.do,false
media_2023_1158,스포츠몬스터 고양점,미확인,미확인,경기도 고양시 덕양구 고양대로 1955 4F,37.645856,126.892538,historical_official_match,https://www.data.go.kr/data/15111405/fileData.do,false
media_2023_1159,광명동굴,미확인,미확인,경기도 광명시 가학로85번길 142,37.4246505,126.863428,historical_official_match,https://www.data.go.kr/data/15111405/fileData.do,false
media_2023_1160,광명역,미확인,미확인,경기도 광명시 광명역로 21,37.41652,126.884808,historical_official_match,https://www.data.go.kr/data/15111405/fileData.do,false
media_2023_1163,갱소년,미확인,미확인,광주광역시 광산구 송정로8번길 7-4,35.136559,126.79221,historical_official_match,https://www.data.go.kr/data/15111405/fileData.do,false
media_2023_1164,수서역,미확인,미확인,서울특별시 강남구 밤고개로 99 수서역사,37.487472,127.101321,historical_official_match,https://www.data.go.kr/data/15111405/fileData.do,false
media_2023_1165,카페 할아버지공장,미확인,미확인,서울특별시 성동구 성수이로7가길 9,37.5411105,127.054858,historical_official_match,https://www.data.go.kr/data/15111405/fileData.do,false
media_2023_1167,신선대,미확인,미확인,경상남도 거제시 남부면 갈곶리 산 21-33,34.738334,128.662565,historical_official_match,https://www.data.go.kr/data/15111405/fileData.do,false
media_2023_1168,부산 자갈치 시장,미확인,미확인,부산광역시 중구 자갈치해안로 52,35.096659,129.030502,historical_official_match,https://www.data.go.kr/data/15111405/fileData.do,false
media_2023_1169,짱오락실 홍대점,미확인,미확인,서울특별시 마포구 어울마당로 69,37.551243,126.921126,historical_official_match,https://www.data.go.kr/data/15111405/fileData.do,false
media_2023_1172,엉덩물계곡,미확인,미확인,제주특별자치도 서귀포시 색달동 3384-4,33.247862,126.413877,historical_official_match,https://www.data.go.kr/data/15111405/fileData.do,false
media_2023_1173,용머리해안,미확인,미확인,제주특별자치도 서귀포시 안덕면 사계리 112-3,33.231899,126.314636,historical_official_match,https://www.data.go.kr/data/15111405/fileData.do,false
media_2023_1175,놀맨,미확인,미확인,제주특별자치도 제주시 애월읍 애월로 1길 24,33.462516,126.310265,historical_official_match,https://www.data.go.kr/data/15111405/fileData.do,false
media_2023_1177,신창 풍차 해안도로,미확인,미확인,제주특별자치도 제주시 한경면 신창리 1322-1,33.343421,126.173997,historical_official_match,https://www.data.go.kr/data/15111405/fileData.do,false
media_2023_1178,공산성,미확인,미확인,충청남도 공주시 웅진로 280,36.465013,127.12361,historical_official_match,https://www.data.go.kr/data/15111405/fileData.do,false
media_2023_1182,낙선재,미확인,미확인,경기도 광주시 남한산성면 불당길 101,37.456736,127.206056,historical_official_match,https://www.data.go.kr/data/15111405/fileData.do,false
media_2023_1183,목향원,미확인,미확인,경기도 남양주시 덕릉로1071번길 34-12,37.684864,127.10116,historical_official_match,https://www.data.go.kr/data/15111405/fileData.do,false
media_2023_1184,고당,미확인,미확인,경기도 남양주시 조안면 북한강로 121,37.5362031,127.3024876,historical_official_match,https://www.data.go.kr/data/15111405/fileData.do,false
media_2023_1186,필무드,미확인,미확인,경기도 파주시 광탄면 기산로 129,37.776266,126.912051,historical_official_match,https://www.data.go.kr/data/15111405/fileData.do,false
media_2023_1196,파란하늘,미확인,미확인,서울특별시 도봉구 도봉로121길 35,37.652197,127.035031,historical_official_match,https://www.data.go.kr/data/15111405/fileData.do,false
media_2023_1198,하늘공원,미확인,미확인,서울특별시 마포구 하늘공원로 95,37.567465,126.88546,historical_official_match,https://www.data.go.kr/data/15111405/fileData.do,false
media_2023_1200,르지우,미확인,미확인,서울특별시 서초구 사평대로26길 40,37.498273,126.998904,historical_official_match,https://www.data.go.kr/data/15111405/fileData.do,false
media_2023_1202,어바웃진스,미확인,미확인,서울특별시 종로구 새문안로3길 30 대우빌딩 지하1층 106호,37.57297,126.973272,historical_official_match,https://www.data.go.kr/data/15111405/fileData.do,false
media_2023_1203,절벽,미확인,미확인,서울특별시 종로구 평창문화로 130,37.609235,126.974526,historical_official_match,https://www.data.go.kr/data/15111405/fileData.do,false
media_2023_1209,봄은고양이로다,미확인,미확인,충청북도 충주시 동량면 조동탑평2길 94,37.028548,127.974097,historical_official_match,https://www.data.go.kr/data/15111405/fileData.do,false
media_2023_1211,도암식당,미확인,미확인,강원도 평창군 대관령면 대관령로 103,37.672497,128.708006,historical_official_match,https://www.data.go.kr/data/15111405/fileData.do,false
media_2023_1213,포러데이,미확인,미확인,경기도 남양주시 와부읍 경강로926번길 8-7,37.556395,127.236364,historical_official_match,https://www.data.go.kr/data/15111405/fileData.do,false
media_2023_1214,나인블럭 뷰 팔당점,미확인,미확인,경기도 남양주시 와부읍 다산로 56,37.539869,127.255212,historical_official_match,https://www.data.go.kr/data/15111405/fileData.do,false
media_2023_1215,설하식당,미확인,미확인,경기도 남양주시 조안면 북한강로855번길 81,37.598343,127.332647,historical_official_match,https://www.data.go.kr/data/15111405/fileData.do,false
media_2023_1217,폴콘,미확인,미확인,경기도 파주시 월롱면 다락고개길 98-10,37.794291,126.789018,historical_official_match,https://www.data.go.kr/data/15111405/fileData.do,false
media_2023_1221,무등산,미확인,미확인,서울특별시 강남구 선릉로146길 3 승봉빌딩,37.521904,127.039972,historical_official_match,https://www.data.go.kr/data/15111405/fileData.do,false
media_2023_1222,강남돌곱창,미확인,미확인,서울특별시 강남구 압구정로18길 17,37.523871,127.024876,historical_official_match,https://www.data.go.kr/data/15111405/fileData.do,false
media_2023_1225,커피더쏠,미확인,미확인,서울특별시 광진구 능동로 18 이튼타워리버3차 1층,37.53258,127.067932,historical_official_match,https://www.data.go.kr/data/15111405/fileData.do,false
media_2023_1228,샤로스톤,미확인,미확인,서울특별시 동대문구 휘경로2가길 5,37.595389,127.061249,historical_official_match,https://www.data.go.kr/data/15111405/fileData.do,false
media_2023_1229,진미식당,미확인,미확인,서울특별시 마포구 마포대로 186-6,37.5505501,126.9557705,historical_official_match,https://www.data.go.kr/data/15111405/fileData.do,false
media_2023_1231,카몽,미확인,미확인,서울특별시 서초구 서초대로42길 17,37.4918317,127.008739,historical_official_match,https://www.data.go.kr/data/15111405/fileData.do,false
media_2023_1232,수피,미확인,미확인,서울특별시 성동구 성수이로 71,37.541555,127.055792,historical_official_match,https://www.data.go.kr/data/15111405/fileData.do,false
media_2023_1237,남경막국수,미확인,미확인,서울특별시 송파구 백제고분로7길 52-29,37.5094199,127.0851186,historical_official_match,https://www.data.go.kr/data/15111405/fileData.do,false
media_2023_1241,밀타운,미확인,미확인,서울특별시 종로구 팔판길 33,37.58327,126.98116,historical_official_match,https://www.data.go.kr/data/15111405/fileData.do,false
media_2023_1243,오르다,미확인,미확인,제주특별자치도 서귀포시 성산읍 한도로 269-37,33.468978,126.935433,historical_official_match,https://www.data.go.kr/data/15111405/fileData.do,false
media_2023_1244,마노커피하우스,미확인,미확인,제주특별자치도 서귀포시 중문상로 97,37.506139,127.041331,historical_official_match,https://www.data.go.kr/data/15111405/fileData.do,false
media_2023_1249,오늘 와인한잔 김포구래점,미확인,미확인,경기도 김포시 김포한강8로 420 1층,37.6427492,126.6222532,historical_official_match,https://www.data.go.kr/data/15111405/fileData.do,false
media_2023_1250,펜션121,미확인,미확인,경기도 남양주시 조안면 북한강로855번길 115,37.601157,127.330998,historical_official_match,https://www.data.go.kr/data/15111405/fileData.do,false
media_2023_1251,양계장집아들 시흥은계점,미확인,미확인,경기도 시흥시 은계번영길 27 104-105호,37.3692368,126.7269221,historical_official_match,https://www.data.go.kr/data/15111405/fileData.do,false
media_2023_1256,까폼,미확인,미확인,서울특별시 강남구 선릉로153길 18,37.524815,127.038017,historical_official_match,https://www.data.go.kr/data/15111405/fileData.do,false
media_2023_1257,아야 커피,미확인,미확인,서울특별시 강남구 언주로94길 11 1층,37.5044373,127.0430715,historical_official_match,https://www.data.go.kr/data/15111405/fileData.do,false
media_2023_1258,영화사,미확인,미확인,서울특별시 광진구 영화사로 107,37.5542997,127.0982851,historical_official_match,https://www.data.go.kr/data/15111405/fileData.do,false
media_2023_1259,테이블에이 동물원,미확인,미확인,서울특별시 마포구 와우산로 146,37.554003,126.929458,historical_official_match,https://www.data.go.kr/data/15111405/fileData.do,false
media_2023_1261,와플 목공방,미확인,미확인,서울특별시 성동구 왕십리로10길 5-6,37.5471021,127.0454302,historical_official_match,https://www.data.go.kr/data/15111405/fileData.do,false
media_2023_1262,바바코아문래,미확인,미확인,서울특별시 영등포구 경인로78길 2,37.511719,126.894199,historical_official_match,https://www.data.go.kr/data/15111405/fileData.do,false
media_2023_1263,커들쏘머취,미확인,미확인,서울특별시 종로구 인사동길 44 3층,37.574295,126.98487,historical_official_match,https://www.data.go.kr/data/15111405/fileData.do,false
media_2023_1264,강촌레일파크 김유정레일바이크,미확인,미확인,강원도 춘천시 신동면 김유정로 1383,37.815713,127.712161,historical_official_match,https://www.data.go.kr/data/15111405/fileData.do,false
media_2023_1265,테라스의 아침펜션,미확인,미확인,강원도 홍천군 서면 팔봉강변길 217,37.696917,127.710385,historical_official_match,https://www.data.go.kr/data/15111405/fileData.do,false
media_2023_1266,소노벨 비발디파크,미확인,미확인,강원도 홍천군 서면 한치골길 262,37.648231,127.684097,historical_official_match,https://www.data.go.kr/data/15111405/fileData.do,false
media_2023_1267,화천 사랑나무,미확인,미확인,강원도 화천군 하남면 거례리 484-2,38.07433,127.688484,historical_official_match,https://www.data.go.kr/data/15111405/fileData.do,false
media_2023_1268,구)양수철교,미확인,미확인,경기도 남양주시 조안면 진중리 328-4,37.552264,127.313475,historical_official_match,https://www.data.go.kr/data/15111405/fileData.do,false
media_2023_1269,수풀로 양수리,미확인,미확인,경기도 양평군 양서면 양수리 552-6,37.547825,127.31862,historical_official_match,https://www.data.go.kr/data/15111405/fileData.do,false
media_2023_1270,롯데워터파크 김해,미확인,미확인,경상남도 김해시 장유로 555,35.179696,128.828238,historical_official_match,https://www.data.go.kr/data/15111405/fileData.do,false
media_2023_1271,고삐식당,미확인,미확인,대구광역시 중구 남성로 45-1,35.867502,128.591734,historical_official_match,https://www.data.go.kr/data/15111405/fileData.do,false
media_2023_1274,서빙고역,미확인,미확인,서울특별시 용산구 서빙고로 238,37.519637,126.988378,historical_official_match,https://www.data.go.kr/data/15111405/fileData.do,false
media_2023_1279,섬진강 기차마을,미확인,미확인,전라남도 곡성군 오곡면 기차마을로 232,35.279115,127.307561,historical_official_match,https://www.data.go.kr/data/15111405/fileData.do,false
media_2023_1280,엠츄로 월정점,미확인,미확인,제주특별자치도 제주시 구좌읍 월정3길 53-2,33.555998,126.794994,historical_official_match,https://www.data.go.kr/data/15111405/fileData.do,false
media_2023_1281,하슬라아트월드,미확인,미확인,강원도 강릉시 강동면 율곡로 1441,37.706127,129.009109,historical_official_match,https://www.data.go.kr/data/15111405/fileData.do,false
media_2023_1285,오대산 선재길,미확인,미확인,강원도 평창군 진부면 오대산로,37.73911,128.585923,historical_official_match,https://www.data.go.kr/data/15111405/fileData.do,false
media_2023_1286,선재길식당,미확인,미확인,강원도 평창군 진부면 오대산로 152,37.716562,128.601873,historical_official_match,https://www.data.go.kr/data/15111405/fileData.do,false
media_2023_1288,몬테리오,미확인,미확인,강원도 홍천군 서면 마곡길 220,37.728842,127.579656,historical_official_match,https://www.data.go.kr/data/15111405/fileData.do,false
media_2023_1290,홍천한우애,미확인,미확인,강원도 홍천군 홍천읍 양지말길 12,37.658497,127.830413,historical_official_match,https://www.data.go.kr/data/15111405/fileData.do,false
media_2023_1294,옛골,미확인,미확인,서울특별시 강남구 봉은사로 24길 12,37.505912,127.032572,historical_official_match,https://www.data.go.kr/data/15111405/fileData.do,false
media_2023_1296,옛집,미확인,미확인,서울특별시 광진구 아차산로 76가길 18,37.547053,127.106828,historical_official_match,https://www.data.go.kr/data/15111405/fileData.do,false
media_2023_1297,테이스티버거,미확인,미확인,서울특별시 마포구 독막로 67-11 행운빌딩 1층,37.5482037,126.9206852,historical_official_match,https://www.data.go.kr/data/15111405/fileData.do,false
media_2023_1299,망원동돼지국밥,미확인,미확인,서울특별시 마포구 동교로9길 71 1층,37.556602,126.908566,historical_official_match,https://www.data.go.kr/data/15111405/fileData.do,false
media_2023_1304,바삭마차,미확인,미확인,서울특별시 마포구 월드컵로 13길 64,37.555316,126.906468,historical_official_match,https://www.data.go.kr/data/15111405/fileData.do,false
media_2023_1312,캠프VR 일산웨스턴돔점,미확인,미확인,경기도 고양시 일산동구 정발산로 23 4층,37.65525,126.772295,historical_official_match,https://www.data.go.kr/data/15111405/fileData.do,false
media_2023_1313,카페 공명,미확인,미확인,서울특별시 마포구 연희로 11,37.559882,126.92629,historical_official_match,https://www.data.go.kr/data/15111405/fileData.do,false
media_2023_1314,당도,미확인,미확인,서울특별시 마포구 포은로 106,37.556378,126.904831,historical_official_match,https://www.data.go.kr/data/15111405/fileData.do,false
media_2023_1315,비바쌀롱,미확인,미확인,서울특별시 마포구 포은로 84,37.554456,126.905513,historical_official_match,https://www.data.go.kr/data/15111405/fileData.do,false
media_2023_1316,고궁 전주 본점,미확인,미확인,전라북도 전주시 덕진구 송천중앙로 33,35.850066,127.119408,historical_official_match,https://www.data.go.kr/data/15111405/fileData.do,false
media_2023_1319,손홍규본가막국수,미확인,미확인,경기도 가평군 상면 수목원로 40,37.770071,127.370449,historical_official_match,https://www.data.go.kr/data/15111405/fileData.do,false
media_2023_1320,차마시는뜰,미확인,미확인,경기도 남양주시 화도읍 북한강로 1441-21,37.640314,127.355795,historical_official_match,https://www.data.go.kr/data/15111405/fileData.do,false
media_2023_1321,불이아 강남점,미확인,미확인,서울특별시 강남구 논현2동 언주로 711,37.517364,127.034794,historical_official_match,https://www.data.go.kr/data/15111405/fileData.do,false
media_2023_1322,K212,미확인,미확인,서울특별시 용산구 녹사평대로26길 36,37.531287,126.991789,historical_official_match,https://www.data.go.kr/data/15111405/fileData.do,false
media_2023_1323,공차 용산아스테리움점,미확인,미확인,서울특별시 용산구 한강로2가 419 아스테리움 지하1층,37.527403,126.968826,historical_official_match,https://www.data.go.kr/data/15111405/fileData.do,false
media_2023_1324,애성회관한우곰탕,미확인,미확인,서울특별시 중구 남대문로5길 23 세창빌딩 1층,37.5623993,126.978905,historical_official_match,https://www.data.go.kr/data/15111405/fileData.do,false
media_2023_1325,당산마루,미확인,미확인,전라북도 부안군 부안읍 당산로 71,35.73081,126.731321,historical_official_match,https://www.data.go.kr/data/15111405/fileData.do,false
media_2023_1326,봉포 해변,미확인,미확인,강원도 고성군 토성면,38.252815,128.566172,historical_official_match,https://www.data.go.kr/data/15111405/fileData.do,false
media_2023_1327,화진포 둘레길,미확인,미확인,강원도 고성군 현내면 화진포길 412,38.481477,128.435677,historical_official_match,https://www.data.go.kr/data/15111405/fileData.do,false
media_2023_1328,셀프하우스,미확인,미확인,서울특별시 강동구 올림픽로 572 코오롱2차아파트상가 107호,37.53235,127.121527,historical_official_match,https://www.data.go.kr/data/15111405/fileData.do,false
media_2023_1330,유자유김치떡볶이 신촌점,미확인,미확인,서울특별시 서대문구 연세로11길 22,37.558926,126.93516,historical_official_match,https://www.data.go.kr/data/15111405/fileData.do,false
media_2023_1331,골목떡볶이,미확인,미확인,서울특별시 송파구 문정로1길 33,37.4890197,127.123457,historical_official_match,https://www.data.go.kr/data/15111405/fileData.do,false
media_2023_1332,잠실한강공원,미확인,미확인,서울특별시 송파구 잠실2동 한가람로 65,37.517941,127.081914,historical_official_match,https://www.data.go.kr/data/15111405/fileData.do,false
media_2023_1333,타스카페,미확인,미확인,서울특별시 종로구 동숭길 117,37.583152,127.00345,historical_official_match,https://www.data.go.kr/data/15111405/fileData.do,false
media_2023_1334,달빛공원,미확인,미확인,인천광역시 연수구 송도동 1,37.402776,126.649342,historical_official_match,https://www.data.go.kr/data/15111405/fileData.do,false
media_2023_1335,경암동 철길마을,미확인,미확인,전라북도 군산시 경촌4길 14,35.981291,126.737028,historical_official_match,https://www.data.go.kr/data/15111405/fileData.do,false
media_2023_1336,신흥동 일본식 가옥(히로쓰 가옥),미확인,미확인,전라북도 군산시 구영 1길 17,35.986174,126.706074,historical_official_match,https://www.data.go.kr/data/15111405/fileData.do,false
media_2023_1337,여미랑,미확인,미확인,전라북도 군산시 구영 6길 13,35.98503,126.708292,historical_official_match,https://www.data.go.kr/data/15111405/fileData.do,false
media_2023_1338,은파호수공원,미확인,미확인,전라북도 군산시 나운동 1223-4,35.94524,126.705206,historical_official_match,https://www.data.go.kr/data/15111405/fileData.do,false
media_2023_1339,동국사,미확인,미확인,전라북도 군산시 동국사길 16,35.982904,126.707463,historical_official_match,https://www.data.go.kr/data/15111405/fileData.do,false
media_2023_1340,신설오름,미확인,미확인,제주특별자치도 제주시 고마로17길 2,33.505459,126.5416299,historical_official_match,https://www.data.go.kr/data/15111405/fileData.do,false
media_2023_1341,제라진 오프로드,미확인,미확인,제주특별자치도 제주시 조천읍 선교로 33,33.487171,126.715966,historical_official_match,https://www.data.go.kr/data/15111405/fileData.do,false
media_2023_1342,메리 아일랜드,미확인,미확인,제주특별자치도 제주시 한림읍 금능길 80,33.388929,126.231554,historical_official_match,https://www.data.go.kr/data/15111405/fileData.do,false
media_2023_1344,두레국수 본점,미확인,미확인,서울특별시 강남구 도산대로 37길 28,37.522806,127.031576,historical_official_match,https://www.data.go.kr/data/15111405/fileData.do,false
media_2023_1345,대우부대찌개 강남본점,미확인,미확인,서울특별시 강남구 테헤란로 25길 34,37.502731,127.035182,historical_official_match,https://www.data.go.kr/data/15111405/fileData.do,false
media_2023_1346,라멘트럭 상수본점,미확인,미확인,서울특별시 마포구 독막로 14길 31,37.547433,126.922559,historical_official_match,https://www.data.go.kr/data/15111405/fileData.do,false
media_2023_1347,타치가와텐,미확인,미확인,서울특별시 마포구 독막로 3길 24-6,37.549162,126.917193,historical_official_match,https://www.data.go.kr/data/15111405/fileData.do,false
media_2023_1349,트래블카페 샬레,미확인,미확인,서울특별시 마포구 어울마당로 5길 26,37.549455,126.919208,historical_official_match,https://www.data.go.kr/data/15111405/fileData.do,false
media_2023_1350,서울돼지구이,미확인,미확인,서울특별시 마포구 와우산로 15-3,37.545887,126.922663,historical_official_match,https://www.data.go.kr/data/15111405/fileData.do,false
media_2023_1351,무라,미확인,미확인,서울특별시 마포구 와우산로29길 4-38,37.555146,126.929406,historical_official_match,https://www.data.go.kr/data/15111405/fileData.do,false
media_2023_1352,츄라우미 상암점,미확인,미확인,서울특별시 마포구 월드컵북로 44길 76-11,37.577983,126.893807,historical_official_match,https://www.data.go.kr/data/15111405/fileData.do,false
media_2023_1353,합정 난,미확인,미확인,서울특별시 마포구 토정로3길 22 지하 1층,37.546482,126.914554,historical_official_match,https://www.data.go.kr/data/15111405/fileData.do,false
media_2023_1355,태양정육식당,미확인,미확인,서울특별시 영등포구 문래로 92-3,37.518993,126.892164,historical_official_match,https://www.data.go.kr/data/15111405/fileData.do,false
media_2023_1356,다운타우너 한남점,미확인,미확인,서울특별시 용산구 대사관로5길 12 1층,37.53482,127.000839,historical_official_match,https://www.data.go.kr/data/15111405/fileData.do,false
media_2023_1357,뜨레시옷,미확인,미확인,제주특별자치도 제주시 구좌읍 송당서 3길 24,33.466787,126.770619,historical_official_match,https://www.data.go.kr/data/15111405/fileData.do,false
media_2023_1358,다담,미확인,미확인,제주특별자치도 제주시 서광로2길 11-18,33.498672,126.51361,historical_official_match,https://www.data.go.kr/data/15111405/fileData.do,false
media_2023_1359,검멀레해수욕장,미확인,미확인,제주특별자치도 제주시 우도면 연평리,33.497348,126.967132,historical_official_match,https://www.data.go.kr/data/15111405/fileData.do,false
media_2023_1469,옛집,미확인,미확인,서울특별시 마포구 신촌로10길 8,37.556322,126.931801,historical_official_match,https://www.data.go.kr/data/15111405/fileData.do,false
media_2023_1360,더파크12 글램핑펜션,미확인,미확인,강원도 홍천군 서면 밤범길 2번길 35,37.694938,127.602213,historical_official_match,https://www.data.go.kr/data/15111405/fileData.do,false
media_2023_1362,대박집 안양점,미확인,미확인,경기도 안양시 만안구 성결대학로 8,37.383366,126.932985,historical_official_match,https://www.data.go.kr/data/15111405/fileData.do,false
media_2023_1364,포항운하관,미확인,미확인,경상북도 포항시 남구 희망대로 1040,36.023722,129.377531,historical_official_match,https://www.data.go.kr/data/15111405/fileData.do,false
media_2023_1365,죽도시장,미확인,미확인,경상북도 포항시 북구 죽도시장13길 13,36.036442,129.367938,historical_official_match,https://www.data.go.kr/data/15111405/fileData.do,false
media_2023_1366,스쿱당,미확인,미확인,경상북도 포항시 북구 중흥로 309번길 22,36.031121,129.361819,historical_official_match,https://www.data.go.kr/data/15111405/fileData.do,false
media_2023_1368,서천 무지개 분수,미확인,미확인,전라남도 광양시 광양읍 서천변로 111,34.973484,127.574025,historical_official_match,https://www.data.go.kr/data/15111405/fileData.do,false
media_2023_1369,느림,미확인,미확인,전라남도 순천시 강변로 669,34.946565,127.495677,historical_official_match,https://www.data.go.kr/data/15111405/fileData.do,false
media_2023_1373,연곡꾹저구탕,미확인,미확인,강원도 강릉시 연곡면 진고개로 2680,37.8586029,128.8318559,historical_official_match,https://www.data.go.kr/data/15111405/fileData.do,false
media_2023_1374,동강,미확인,미확인,강원도 영월군 영월읍,37.23318,128.510504,historical_official_match,https://www.data.go.kr/data/15111405/fileData.do,false
media_2023_1375,충북집 누나야,미확인,미확인,부산광역시 영도구 감지해변길90,35.061017,129.077731,historical_official_match,https://www.data.go.kr/data/15111405/fileData.do,false
media_2023_1376,충무명물김밥세상,미확인,미확인,부산광역시 중구 중구로30번길 24-1,35.100613,129.030404,historical_official_match,https://www.data.go.kr/data/15111405/fileData.do,false
media_2023_1379,그릴데미그라스 종로점,미확인,미확인,서울특별시 중구 필동 삼일대로2길 50 오리엔스호텔&레지던스,37.560007,126.991138,historical_official_match,https://www.data.go.kr/data/15111405/fileData.do,false
media_2023_1381,안성식당,미확인,미확인,전라남도 신안군 증도면 증도중앙길 43,35.001062,126.139136,historical_official_match,https://www.data.go.kr/data/15111405/fileData.do,false
media_2023_1382,군산식당,미확인,미확인,전라북도 부안군 변산면 격포항길 16,35.624195,126.471258,historical_official_match,https://www.data.go.kr/data/15111405/fileData.do,false
media_2023_1383,엉또폭포,미확인,미확인,제주특별자치도 서귀포시 강정동 염돈로 121-4,33.268601,126.49998,historical_official_match,https://www.data.go.kr/data/15111405/fileData.do,false
media_2023_1384,마방목지,미확인,미확인,제주특별자치도 제주시 용강동,33.427161,126.604046,historical_official_match,https://www.data.go.kr/data/15111405/fileData.do,false
media_2023_1386,제주탐하리 역삼점,미확인,미확인,서울특별시 강남구 봉은사로26길 21,37.5056997,127.0338759,historical_official_match,https://www.data.go.kr/data/15111405/fileData.do,false
media_2023_1387,유쾌한접시 신논현본점,미확인,미확인,서울특별시 강남구 봉은사로5길 9,37.505681,127.026057,historical_official_match,https://www.data.go.kr/data/15111405/fileData.do,false
media_2023_1389,구워삶다 합정점,미확인,미확인,서울특별시 마포구 독막로3길 46,37.55009,126.917777,historical_official_match,https://www.data.go.kr/data/15111405/fileData.do,false
media_2023_1390,미소의집,미확인,미확인,서울특별시 서초구 신반포로 27-6 (한신상가 지하 2층),37.5021537,126.98771,historical_official_match,https://www.data.go.kr/data/15111405/fileData.do,false
media_2023_1391,모루농장,미확인,미확인,제주특별자치도 서귀포시 표선면 중산간동로 4850-303,33.387221,126.76131,historical_official_match,https://www.data.go.kr/data/15111405/fileData.do,false
media_2023_1392,제주동문재래시장,미확인,미확인,제주특별자치도 제주시 관덕로14길 20,33.511584,126.526104,historical_official_match,https://www.data.go.kr/data/15111405/fileData.do,false
media_2023_1394,톰톰카레,미확인,미확인,제주특별자치도 제주시 구좌읍 해맞이해안로 1112,33.537326,126.837354,historical_official_match,https://www.data.go.kr/data/15111405/fileData.do,false
media_2023_1399,신의한모,미확인,미확인,제주특별자치도 제주시 애월읍 하귀14길 11-1,33.485426,126.408052,historical_official_match,https://www.data.go.kr/data/15111405/fileData.do,false
media_2023_1403,심곡항,미확인,미확인,강원도 강릉시 강동면 심곡리 157-1,37.665245,129.053082,historical_official_match,https://www.data.go.kr/data/15111405/fileData.do,false
media_2023_1405,덕이식당,미확인,미확인,강원도 강릉시 강동면 헌화로 1096-1,37.690707,129.031906,historical_official_match,https://www.data.go.kr/data/15111405/fileData.do,false
media_2023_1406,아라나비 바다하늘자전거,미확인,미확인,강원도 강릉시 공항길127번길 35-7,37.766745,128.951463,historical_official_match,https://www.data.go.kr/data/15111405/fileData.do,false
media_2023_1407,솔바람감자적,미확인,미확인,강원도 강릉시 공항길43번길 1,37.7631221,128.9407238,historical_official_match,https://www.data.go.kr/data/15111405/fileData.do,false
media_2023_1408,병산감자옹심이,미확인,미확인,강원도 강릉시 병산동 372-3,37.763157,128.940354,historical_official_match,https://www.data.go.kr/data/15111405/fileData.do,false
media_2023_1409,카페브라질 영진본점,미확인,미확인,강원도 강릉시 연곡면 해안로 1439,37.868276,128.846305,historical_official_match,https://www.data.go.kr/data/15111405/fileData.do,false
media_2023_1410,항구마차,미확인,미확인,강원도 강릉시 옥계면 금진리 149-3,37.6484422,129.0469042,historical_official_match,https://www.data.go.kr/data/15111405/fileData.do,false
media_2023_1411,오죽헌,미확인,미확인,강원도 강릉시 율곡로3139번길 24,37.7775069,128.877159,historical_official_match,https://www.data.go.kr/data/15111405/fileData.do,false
media_2023_1412,영진해변,미확인,미확인,강원도 강릉시 주문진읍 해안로 1609,37.8691601,128.8365243,historical_official_match,https://www.data.go.kr/data/15111405/fileData.do,false
media_2023_1413,금문,미확인,미확인,경기도 가평군 가평읍 강산길 11,37.813859,127.516733,historical_official_match,https://www.data.go.kr/data/15111405/fileData.do,false
media_2023_1416,셜록홈즈 구리점,미확인,미확인,경기도 구리시 경춘로 218-5 3층,37.60003,127.139844,historical_official_match,https://www.data.go.kr/data/15111405/fileData.do,false
media_2023_1417,상동호수공원,미확인,미확인,경기도 부천시 원미구 상2동 549,37.503495,126.745956,historical_official_match,https://www.data.go.kr/data/15111405/fileData.do,false
media_2023_1418,전광수커피하우스 학동사거리점,미확인,미확인,서울특별시 강남구 언주로148길 31,37.521069,127.037023,historical_official_match,https://www.data.go.kr/data/15111405/fileData.do,false
media_2023_1419,석관동떡볶이 수유점,미확인,미확인,서울특별시 강북구 도봉로87길 14,37.638482,127.02493,historical_official_match,https://www.data.go.kr/data/15111405/fileData.do,false
media_2023_1422,커피리브레 연남점,미확인,미확인,서울특별시 마포구 성미산로 200,37.562149,126.926867,historical_official_match,https://www.data.go.kr/data/15111405/fileData.do,false
media_2023_1423,이태리타올 포차,미확인,미확인,서울특별시 마포구 와우산로 3길 41,37.545513,126.920694,historical_official_match,https://www.data.go.kr/data/15111405/fileData.do,false
media_2023_1424,서울찜닭 상암본점,미확인,미확인,서울특별시 마포구 월드컵북로 48길 13,37.576868,126.894434,historical_official_match,https://www.data.go.kr/data/15111405/fileData.do,false
media_2023_1425,먹삼김치삼겹살,미확인,미확인,서울특별시 성북구 보문동2가 보문로 105-1,37.584516,127.019548,historical_official_match,https://www.data.go.kr/data/15111405/fileData.do,false
media_2023_1428,헬카페,미확인,미확인,서울특별시 용산구 보광로 76,37.530289,126.996993,historical_official_match,https://www.data.go.kr/data/15111405/fileData.do,false
media_2023_1429,헵시바극장,미확인,미확인,서울특별시 용산구 이태원로14길 29 2층,37.533218,126.991128,historical_official_match,https://www.data.go.kr/data/15111405/fileData.do,false
media_2023_1430,정독도서관,미확인,미확인,서울특별시 종로구 화동 북촌로5길 48,37.581022,126.982997,historical_official_match,https://www.data.go.kr/data/15111405/fileData.do,false
media_2023_1431,평안도족발집,미확인,미확인,서울특별시 중구 장충단로 174-6,37.5602232,127.0060337,historical_official_match,https://www.data.go.kr/data/15111405/fileData.do,false
media_2023_1432,강촌숯불닭갈비,미확인,미확인,서울특별시 중랑구 상봉로 99,37.594737,127.092784,historical_official_match,https://www.data.go.kr/data/15111405/fileData.do,false
media_2023_1433,카페109하우스,미확인,미확인,인천광역시 강화군 양도면 해안서로 540,37.679222,126.400145,historical_official_match,https://www.data.go.kr/data/15111405/fileData.do,false
media_2023_1434,그레이트풀 그라운드,미확인,미확인,경기도 가평군 설악면 유명로 2277-12,37.704257,127.448131,historical_official_match,https://www.data.go.kr/data/15111405/fileData.do,false
media_2023_1435,구들짱황소곱창 영통점,미확인,미확인,경기도 수원시 영통구 영통로218번길 6,37.246686,127.057511,historical_official_match,https://www.data.go.kr/data/15111405/fileData.do,false
media_2023_1436,수원전통문화관,미확인,미확인,경기도 수원시 팔달구 정조로 893,37.287502,127.014488,historical_official_match,https://www.data.go.kr/data/15111405/fileData.do,false
media_2023_1437,서울YMCA다락원캠프장,미확인,미확인,경기도 의정부시 평화로49번길 63,37.696539,127.040684,historical_official_match,https://www.data.go.kr/data/15111405/fileData.do,false
media_2023_1438,8요일키친,미확인,미확인,경기도 포천시 호국로 879,37.84478,127.158421,historical_official_match,https://www.data.go.kr/data/15111405/fileData.do,false
media_2023_1439,쌍둥이돼지국밥,미확인,미확인,부산광역시 남구 유엔평화로 35-1,35.131783,129.092406,historical_official_match,https://www.data.go.kr/data/15111405/fileData.do,false
media_2023_1440,교대이층집 상암점,미확인,미확인,서울특별시 마포구 월드컵북로48길 19,37.577039,126.894699,historical_official_match,https://www.data.go.kr/data/15111405/fileData.do,false
media_2023_1441,서산동 시화골목길,미확인,미확인,전라남도 목포시 보리마당로 14,34.781388,126.375166,historical_official_match,https://www.data.go.kr/data/15111405/fileData.do,false
media_2023_1442,보리마당,미확인,미확인,전라남도 목포시 서산동 31-1,34.78243,126.376457,historical_official_match,https://www.data.go.kr/data/15111405/fileData.do,false
media_2023_1443,목포근대역사관 1관,미확인,미확인,전라남도 목포시 영산로29번길 6,34.7877511,126.382161,historical_official_match,https://www.data.go.kr/data/15111405/fileData.do,false
media_2023_1444,최피디해물칼국수,미확인,미확인,충청북도 청주시 서원구 남이면 청남로 1677,36.634587,127.422699,historical_official_match,https://www.data.go.kr/data/15111405/fileData.do,false
media_2023_1446,몽,미확인,미확인,부산광역시 해운대구 달맞이길 120,35.157607,129.17548,historical_official_match,https://www.data.go.kr/data/15111405/fileData.do,false
media_2023_1448,서달산,미확인,미확인,서울특별시 동작구 흑석동 서달로,37.497352,126.961819,historical_official_match,https://www.data.go.kr/data/15111405/fileData.do,false
media_2023_1450,T.G.I 프라이데이스 잠실캐슬점,미확인,미확인,서울특별시 송파구 올림픽로 269 롯데캐슬프라자 2층,37.5142852,127.100694,historical_official_match,https://www.data.go.kr/data/15111405/fileData.do,false
media_2023_1451,낙원상가,미확인,미확인,서울특별시 종로구 삼일대로 428,37.5721971,126.987629,historical_official_match,https://www.data.go.kr/data/15111405/fileData.do,false
media_2023_1453,동막해변,미확인,미확인,인천광역시 강화군 화도면 해안남로 1481,37.592581,126.458187,historical_official_match,https://www.data.go.kr/data/15111405/fileData.do,false
media_2023_1454,경주 원조떡갈비,미확인,미확인,경상북도 경주시 보불로 148,35.797464,129.313992,historical_official_match,https://www.data.go.kr/data/15111405/fileData.do,false
media_2023_1455,문경관광사격장,미확인,미확인,경상북도 문경시 사격장길 155,36.642737,128.12949,historical_official_match,https://www.data.go.kr/data/15111405/fileData.do,false
media_2023_1456,맛우짜,미확인,미확인,경상북도 안동시 대안로 174,36.563993,128.73169,historical_official_match,https://www.data.go.kr/data/15111405/fileData.do,false
media_2023_1457,고대포,미확인,미확인,서울특별시 용산구 원효로 197-1,37.536972,126.963976,historical_official_match,https://www.data.go.kr/data/15111405/fileData.do,false
media_2023_1458,서울스퀘어,미확인,미확인,서울특별시 중구 한강대로 416,37.555478,126.973721,historical_official_match,https://www.data.go.kr/data/15111405/fileData.do,false
media_2023_1459,함양집,미확인,미확인,울산광역시 남구 삼산로 228번길 19,35.536454,129.332716,historical_official_match,https://www.data.go.kr/data/15111405/fileData.do,false
media_2023_1460,추담골,미확인,미확인,제주특별자치도 제주시 광평동로 19,33.481855,126.470488,historical_official_match,https://www.data.go.kr/data/15111405/fileData.do,false
media_2023_1462,마가만두,미확인,미확인,부산광역시 동구 대영로243번길 56,35.114514,129.038544,historical_official_match,https://www.data.go.kr/data/15111405/fileData.do,false
media_2023_1463,해운대기와집대구탕,미확인,미확인,부산광역시 해운대구 달맞이길104번길 46,35.158245,129.174521,historical_official_match,https://www.data.go.kr/data/15111405/fileData.do,false
media_2023_1464,와세다야 청담점,미확인,미확인,서울특별시 강남구 압구정로79길 51,37.525578,127.051308,historical_official_match,https://www.data.go.kr/data/15111405/fileData.do,false
media_2023_1465,열봉찜닭 강남점,미확인,미확인,서울특별시 강남구 테헤란로38길 29,37.500263,127.027691,historical_official_match,https://www.data.go.kr/data/15111405/fileData.do,false
media_2023_1466,삼성원조양곱창,미확인,미확인,서울특별시 강남구 학동로101길 7 승창빌딩 1층,37.5209254,127.0576104,historical_official_match,https://www.data.go.kr/data/15111405/fileData.do,false
media_2023_1468,아소정,미확인,미확인,서울특별시 마포구 백범로25길 9,37.5465519,126.9463996,historical_official_match,https://www.data.go.kr/data/15111405/fileData.do,false
media_2023_1471,대성정육식당,미확인,미확인,서울특별시 용산구 서빙고로95길 22,37.526483,127.002078,historical_official_match,https://www.data.go.kr/data/15111405/fileData.do,false
media_2023_1474,원조남산왕돈까스,미확인,미확인,서울특별시 중구 소파로 107,37.5573335,126.9860967,historical_official_match,https://www.data.go.kr/data/15111405/fileData.do,false
media_2023_1475,따룽훠궈 송도점,미확인,미확인,인천광역시 연수구 세트럴로 160 103동 C동 2층,37.394332,126.640779,historical_official_match,https://www.data.go.kr/data/15111405/fileData.do,false
media_2023_1476,오는정김밥,미확인,미확인,제주특별자치도 서귀포시 동문동로 2,33.249584,126.567756,historical_official_match,https://www.data.go.kr/data/15111405/fileData.do,false
media_2023_1477,천짓골식당,미확인,미확인,제주특별자치도 서귀포시 중앙로41번길 4,33.248229,126.561332,historical_official_match,https://www.data.go.kr/data/15111405/fileData.do,false
media_2023_1478,돈사돈 별관,미확인,미확인,제주특별자치도 제주시 광평동로 15,33.481671,126.470785,historical_official_match,https://www.data.go.kr/data/15111405/fileData.do,false
media_2023_1479,대우정,미확인,미확인,제주특별자치도 제주시 서사로 152,33.498885,126.519691,historical_official_match,https://www.data.go.kr/data/15111405/fileData.do,false
media_2023_1480,몽상드애월,미확인,미확인,제주특별자치도 제주시 애월읍 애월부서길 56-1,33.462863,126.309672,historical_official_match,https://www.data.go.kr/data/15111405/fileData.do,false
media_2023_1482,알동네집,미확인,미확인,제주특별자치도 제주시 한경면 연명로 545,33.316631,126.267592,historical_official_match,https://www.data.go.kr/data/15111405/fileData.do,false
media_2023_1483,서피비치,미확인,미확인,강원도 양양군 현북면 하조대해안길 119,38.027411,128.716943,historical_official_match,https://www.data.go.kr/data/15111405/fileData.do,false
media_2023_1484,더파크12 글램핑펜션,미확인,미확인,강원도 홍천군 서면 밤벌길 2번길 35,37.694908,127.602213,historical_official_match,https://www.data.go.kr/data/15111405/fileData.do,false
media_2023_1486,시흥 하늘 휴게소,미확인,미확인,경기도 시흥시 조남동 서울외곽순환고속도로 105,37.383778,126.855448,historical_official_match,https://www.data.go.kr/data/15111405/fileData.do,false
media_2023_1488,수원 대학교,미확인,미확인,경기도 화성시 봉담읍 와우안길 17,37.209002,126.976397,historical_official_match,https://www.data.go.kr/data/15111405/fileData.do,false
media_2023_1489,어섬,미확인,미확인,경기도 화성시 송산면 어섬길 327-22,37.244265,126.652322,historical_official_match,https://www.data.go.kr/data/15111405/fileData.do,false
media_2023_1492,shoop,미확인,미확인,서울특별시 마포구 독막로6길 14,37.54741,126.917252,historical_official_match,https://www.data.go.kr/data/15111405/fileData.do,false
media_2023_1493,인기명 마포점,미확인,미확인,서울특별시 마포구 삼개로 5길 4-3,37.538188,126.947819,historical_official_match,https://www.data.go.kr/data/15111405/fileData.do,false
media_2023_1494,TANK6,미확인,미확인,서울특별시 마포구 중산로 87,37.57138,126.893334,historical_official_match,https://www.data.go.kr/data/15111405/fileData.do,false
media_2023_1496,정원 송파 나루,미확인,미확인,서울특별시 송파구 석촌호수로 234 1층 송파나루,37.505729,127.097636,historical_official_match,https://www.data.go.kr/data/15111405/fileData.do,false
media_2023_1497,우정낙지,미확인,미확인,서울특별시 종로구 삼일대로 17길 46,37.569285,126.98497,historical_official_match,https://www.data.go.kr/data/15111405/fileData.do,false
media_2023_1498,반얀트리 클럽 앤 스파,미확인,미확인,서울특별시 중구 장충단로60,37.550028,127.000484,historical_official_match,https://www.data.go.kr/data/15111405/fileData.do,false
media_2023_1499,광치기 해변,미확인,미확인,제주특별자치도 서귀포시 성산읍 고성리 224-33,33.452423,126.924688,historical_official_match,https://www.data.go.kr/data/15111405/fileData.do,false
media_2023_1500,플레이스 캠프,미확인,미확인,제주특별자치도 서귀포시 성산읍 동류암로 20,33.450048,126.91844,historical_official_match,https://www.data.go.kr/data/15111405/fileData.do,false
media_2023_1505,캠프 오후 4시,미확인,미확인,경기도 포천시 군내면 청군로286번길 22,37.869063,127.251741,historical_official_match,https://www.data.go.kr/data/15111405/fileData.do,false
media_2023_1506,노량진 수산시장,미확인,미확인,서울특별시 동작구 노들로 674,37.515417,126.94083,historical_official_match,https://www.data.go.kr/data/15111405/fileData.do,false
media_2023_1508,봄밤달,미확인,미확인,서울특별시 마포구 성미산로 172 1층,37.579569,126.969924,historical_official_match,https://www.data.go.kr/data/15111405/fileData.do,false
media_2023_1509,동묘 벼룩시장,미확인,미확인,서울특별시 종로구 숭인동 102-8,37.5732058,127.017615,historical_official_match,https://www.data.go.kr/data/15111405/fileData.do,false
media_2023_1511,장항25시야구센터,미확인,미확인,경기도 고양시 일산동구 장항로 155-20,37.636545,126.779246,historical_official_match,https://www.data.go.kr/data/15111405/fileData.do,false
media_2023_1512,다옴 차병원사거리점,미확인,미확인,서울특별시 강남구 논현로 613,37.50845,127.03307,historical_official_match,https://www.data.go.kr/data/15111405/fileData.do,false
media_2023_1514,에이랜드 홍대점,미확인,미확인,서울특별시 마포구 양화로16길 29,37.553166,126.921133,historical_official_match,https://www.data.go.kr/data/15111405/fileData.do,false
media_2023_1515,솔향기,미확인,미확인,강원도 철원군 동송읍 금학로 31-10,38.192878,127.226703,historical_official_match,https://www.data.go.kr/data/15111405/fileData.do,false
media_2023_1516,조가네갑오징어 백운호수점,미확인,미확인,경기도 의왕시 문화예술로 161,37.377568,126.995268,historical_official_match,https://www.data.go.kr/data/15111405/fileData.do,false
media_2023_1517,장동묵집,미확인,미확인,대전광역시 유성구 신성로 51,36.388683,127.347144,historical_official_match,https://www.data.go.kr/data/15111405/fileData.do,false
media_2023_1518,숯골원냉면 본점,미확인,미확인,대전광역시 유성구 신성로84번길 18,36.3901104,127.3502532,historical_official_match,https://www.data.go.kr/data/15111405/fileData.do,false
media_2023_1520,부평깡통시장,미확인,미확인,부산광역시 중구 부평1길 48,35.101329,129.025735,historical_official_match,https://www.data.go.kr/data/15111405/fileData.do,false
media_2023_1521,꽃분이네,미확인,미확인,부산광역시 중구 중구로 42 국제시장3공구,35.101451,129.028307,historical_official_match,https://www.data.go.kr/data/15111405/fileData.do,false
media_2023_1522,영지네포장마차,미확인,미확인,서울특별시 강남구 도산대로89길 24,37.52599,127.051405,historical_official_match,https://www.data.go.kr/data/15111405/fileData.do,false
media_2023_1524,레어마켓,미확인,미확인,서울특별시 강남구 압구정로80길 24,37.524854,127.044763,historical_official_match,https://www.data.go.kr/data/15111405/fileData.do,false
media_2023_1525,주연사주타로,미확인,미확인,서울특별시 마포구 어울마당로 77 주연사주타로,37.5538632,126.922243,historical_official_match,https://www.data.go.kr/data/15111405/fileData.do,false
media_2023_1526,서강껍데기소금구이소막창,미확인,미확인,서울특별시 마포구 월드컵로 36,37.552626,126.912353,historical_official_match,https://www.data.go.kr/data/15111405/fileData.do,false
media_2023_1528,몽련,미확인,미확인,서울특별시 성동구 왕십리로10길 3 1층,37.547143,127.045006,historical_official_match,https://www.data.go.kr/data/15111405/fileData.do,false
media_2023_1531,천안 독립기념관,미확인,미확인,충청남도 천안시 동남구 목천읍 독립기념관로 1,36.783561,127.223181,historical_official_match,https://www.data.go.kr/data/15111405/fileData.do,false
media_2023_1534,텍사스바베큐,미확인,미확인,경기도 동두천시 중앙로 366,37.912879,127.057453,historical_official_match,https://www.data.go.kr/data/15111405/fileData.do,false
media_2023_1541,뉴그린다방,미확인,미확인,부산광역시 북구 의성로 80,35.213475,129.009682,historical_official_match,https://www.data.go.kr/data/15111405/fileData.do,false
media_2023_1543,원조밀면,미확인,미확인,부산광역시 중구 중구로 31-1,35.100716,129.027594,historical_official_match,https://www.data.go.kr/data/15111405/fileData.do,false
media_2023_1544,새아침식당,미확인,미확인,부산광역시 해운대구 달맞이길62번길 28 새아침맛집,35.158847,129.170513,historical_official_match,https://www.data.go.kr/data/15111405/fileData.do,false
media_2023_1562,동천곱창,미확인,미확인,서울특별시 송파구 석촌호수로 12길 22,37.508919,127.084032,historical_official_match,https://www.data.go.kr/data/15111405/fileData.do,false
media_2023_1564,소선재,미확인,미확인,서울특별시 종로구 삼청로 113-1,37.585586,126.981725,historical_official_match,https://www.data.go.kr/data/15111405/fileData.do,false
media_2023_1569,뚱뚱이할머니집,미확인,미확인,서울특별시 중구 장충단로 174-1,37.560423,127.005833,historical_official_match,https://www.data.go.kr/data/15111405/fileData.do,false
media_2023_1574,일년내내칼국수맛있는집,미확인,미확인,인천광역시 강화군 화도면 해안남로 1421,37.591835,126.462354,historical_official_match,https://www.data.go.kr/data/15111405/fileData.do,false
media_2023_1575,마호가니 강화점,미확인,미확인,인천광역시 강화군 화도면 해안남로 1844번길 19,37.607595,126.424224,historical_official_match,https://www.data.go.kr/data/15111405/fileData.do,false
media_2023_1578,빛의 벙커,미확인,미확인,제주특별자치도 서귀포시 성산읍 고성리 2039-22,33.439858,126.89914,historical_official_match,https://www.data.go.kr/data/15111405/fileData.do,false
media_2023_1585,천주교미리내성요셉성당,미확인,미확인,경기도 안성시 양성면 미리내성지로 416,37.141341,127.259881,historical_official_match,https://www.data.go.kr/data/15111405/fileData.do,false
media_2023_1586,김서방네곱창볶음,미확인,미확인,경기도 안양시 만안구 양화로136번길 41,37.405626,126.911301,historical_official_match,https://www.data.go.kr/data/15111405/fileData.do,false
media_2023_1587,딸부자네불백 신사본점,미확인,미확인,서울특별시 강남구 강남대로158길 21,37.521072,127.022225,historical_official_match,https://www.data.go.kr/data/15111405/fileData.do,false
media_2023_1588,BHC치킨 사당점,미확인,미확인,서울특별시 동작구 동작대로7길 16,37.480517,126.981074,historical_official_match,https://www.data.go.kr/data/15111405/fileData.do,false
media_2023_1590,순대만드는집,미확인,미확인,서울특별시 서초구 방배천로8길 6-2,37.480455,126.982849,historical_official_match,https://www.data.go.kr/data/15111405/fileData.do,false
media_2023_1591,유자유김치떡볶이 본점,미확인,미확인,서울특별시 성북구 고려대로24길 48 2층,37.590403,127.035926,historical_official_match,https://www.data.go.kr/data/15111405/fileData.do,false
media_2023_1592,비닐하우스,미확인,미확인,서울특별시 영등포구 도림로128가길 13-8,37.514118,126.897413,historical_official_match,https://www.data.go.kr/data/15111405/fileData.do,false
media_2023_1593,로얄볼링센터,미확인,미확인,서울특별시 영등포구 영등포로28길 5 당산동코오롱주상복합아파트,37.509654,126.905059,historical_official_match,https://www.data.go.kr/data/15111405/fileData.do,false
media_2023_1594,장흥삼합,미확인,미확인,인천광역시 남동구 문화서로4번길 61-13,37.445101,126.698358,historical_official_match,https://www.data.go.kr/data/15111405/fileData.do,false
